Block,Type,number,target_x,target_y,rotation_angle,ins_images,trials.thisRepN,trials.thisTrialN,trials.thisN,trials.thisIndex,retry.thisRepN,retry.thisTrialN,retry.thisN,retry.thisIndex,thisRow.t,notes,Setting.started,Start_instruction.started,entering.started,Setting.stopped,entering.x,entering.y,entering.leftButton,entering.midButton,entering.rightButton,entering.time,Guiding.started,guiding_mouse.started,trial_counter.started,Guiding.stopped,guiding_mouse.x,guiding_mouse.y,guiding_mouse.leftButton,guiding_mouse.midButton,guiding_mouse.rightButton,guiding_mouse.time,Moving.started,target.started,moving_mouse.started,StartTime,Moving.stopped,moving_mouse.x,moving_mouse.y,moving_mouse.leftButton,moving_mouse.midButton,moving_mouse.rightButton,moving_mouse.time,Feedback.started,feedback_target.started,clamped_cursor.started,Feedback.stopped,Instruction.started,instruction_image.started,end.started,Instruction.stopped,end.x,end.y,end.leftButton,end.midButton,end.rightButton,end.time,participant,group,date,expName,psychopyVersion,frameRate,expStart,
,,,,,,,,,,,,,,,,,0.002160400035791099,0.052791900001466274,0.002039700048044324,3.7949460000381805,[1.296875],[-2.53125],[1],[0],[0],[3.792149499990046],,,,,,,,,,,,,,,,,,,,,,,,,,,,,,,,,,,,010,1,2024-10-09_16h32.00.401,f,2023.2.3,60.04361568601579,2024-10-09 16h33.37.823292 +0300,
familiarization,original,10,0,8,0,None,0,0,0,0,0,0,0,0,3.8591748000471853,,,,,,,,,,,,3.8144295000238344,0.05944889999227598,3.8591748000471853,6.68833190004807,"[1.296875, 1.34375, 1.34375, 1.34375, 1.359375, 1.390625, 1.4375, 1.46875, 1.5, 1.53125, 1.5625, 1.5625, 1.578125, 1.59375, 1.59375, 1.59375, 1.59375, 1.59375, 1.59375, 1.59375, 1.59375, 1.59375, 1.59375, 1.59375, 1.59375, 1.59375, 1.59375, 1.59375, 1.59375, 1.59375, 1.59375, 1.59375, 1.609375, 1.609375, 1.609375, 1.609375, 1.609375, 1.625, 1.640625, 1.671875, 1.6875, 1.703125, 1.71875, 1.71875, 1.71875, 1.703125, 1.671875, 1.546875, 1.40625, 1.203125, 1.109375, 0.875, 0.65625, 0.484375, 0.46875, 0.453125, 0.390625, 0.28125, 0.15625, 0.125, 0.078125, 0.03125, -0.015625, -0.03125, -0.03125, -0.03125, -0.03125, -0.03125, -0.046875, -0.0625, -0.125, -0.15625, -0.1875, -0.21875, -0.234375, -0.25, -0.25, -0.234375, -0.203125, -0.15625, -0.140625, -0.140625, -0.125, -0.140625, -0.140625, -0.140625, -0.15625, -0.171875, -0.21875, -0.265625, -0.421875, -0.484375, -0.5, -0.515625, -0.578125, -0.734375, -0.765625, -0.796875, -0.859375, -0.890625, -0.890625, -0.890625, -0.890625, -0.890625, -0.890625, -0.875, -0.84375, -0.8125, -0.75, -0.703125, -0.65625, -0.578125, -0.515625, -0.4375, -0.40625, -0.21875, 0.0, 0.1875, 0.296875, 0.390625, 0.484375, 0.5625, 0.625, 0.625, 0.640625, 0.640625, 0.640625, 0.640625, 0.640625, 0.640625, 0.65625, 0.703125, 0.75, 0.765625, 0.765625, 0.765625, 0.765625, 0.75, 0.703125, 0.625, 0.453125, 0.34375, 0.25, 0.21875, 0.203125, 0.203125, 0.1875, 0.171875, 0.15625, 0.140625, 0.109375, 0.0625, 0.03125, -0.015625, -0.046875, -0.0625, -0.0625, -0.0625, -0.0625, -0.0625, -0.0625, -0.0625, -0.0625, -0.0625, -0.0625, -0.0625, -0.0625, -0.0625, -0.0625, -0.0625, -0.0625, -0.0625, -0.0625]","[-2.53125, -2.578125, -2.578125, -2.578125, -2.609375, -2.6875, -2.75, -2.828125, -2.90625, -2.984375, -3.015625, -3.046875, -3.0625, -3.09375, -3.109375, -3.125, -3.125, -3.125, -3.125, -3.125, -3.125, -3.125, -3.125, -3.125, -3.125, -3.125, -3.125, -3.125, -3.125, -3.125, -3.125, -3.125, -3.109375, -3.109375, -3.109375, -3.109375, -3.109375, -3.09375, -3.078125, -3.046875, -3.015625, -3.015625, -2.984375, -2.96875, -2.953125, -2.953125, -2.9375, -2.921875, -2.921875, -2.921875, -2.921875, -2.921875, -2.921875, -2.90625, -2.90625, -2.90625, -2.90625, -2.890625, -2.84375, -2.828125, -2.8125, -2.796875, -2.796875, -2.796875, -2.796875, -2.796875, -2.78125, -2.78125, -2.78125, -2.71875, -2.53125, -2.359375, -2.21875, -2.0625, -1.953125, -1.859375, -1.828125, -1.734375, -1.578125, -1.359375, -1.234375, -1.125, -1.03125, -1.015625, -1.0, -1.0, -1.015625, -1.03125, -1.046875, -1.09375, -1.234375, -1.296875, -1.3125, -1.3125, -1.359375, -1.46875, -1.5, -1.515625, -1.546875, -1.578125, -1.578125, -1.578125, -1.578125, -1.5625, -1.5625, -1.5625, -1.546875, -1.53125, -1.484375, -1.453125, -1.40625, -1.359375, -1.296875, -1.234375, -1.203125, -1.109375, -1.015625, -0.96875, -0.953125, -0.9375, -0.9375, -0.9375, -0.953125, -0.953125, -0.953125, -0.953125, -0.953125, -0.953125, -0.953125, -0.953125, -0.96875, -1.015625, -1.078125, -1.078125, -1.09375, -1.09375, -1.09375, -1.078125, -1.0625, -1.015625, -0.890625, -0.796875, -0.71875, -0.703125, -0.6875, -0.6875, -0.6875, -0.671875, -0.65625, -0.640625, -0.609375, -0.578125, -0.546875, -0.484375, -0.4375, -0.40625, -0.40625, -0.40625, -0.40625, -0.40625, -0.40625, -0.40625, -0.40625, -0.40625, -0.40625, -0.40625, -0.390625, -0.390625, -0.390625, -0.390625, -0.34375, -0.28125, -0.203125]","[1, 1, 1, 1, 1, 1, 1, 1, 1, 1, 1, 1, 1, 1, 1, 1, 1, 1, 1, 1, 1, 1, 1, 1, 1, 1, 1, 1, 1, 1, 1, 1, 1, 1, 1, 1, 1, 1, 1, 1, 1, 1, 1, 1, 1, 1, 1, 1, 1, 1, 1, 1, 1, 1, 1, 1, 1, 1, 1, 1, 1, 1, 1, 1, 1, 1, 1, 1, 1, 1, 1, 1, 1, 1, 1, 1, 1, 1, 1, 1, 1, 1, 1, 1, 1, 1, 1, 1, 1, 1, 1, 1, 1, 1, 1, 1, 1, 1, 1, 1, 1, 1, 1, 1, 1, 1, 1, 1, 1, 1, 1, 1, 1, 1, 1, 1, 1, 1, 1, 1, 1, 1, 1, 1, 1, 1, 1, 1, 1, 1, 1, 1, 1, 1, 1, 1, 1, 1, 1, 1, 1, 1, 1, 1, 1, 1, 1, 1, 1, 1, 1, 1, 1, 1, 1, 1, 1, 1, 1, 1, 1, 1, 1, 1, 1, 1, 1, 1, 1, 1, 1, 1, 1]","[0, 0, 0, 0, 0, 0, 0, 0, 0, 0, 0, 0, 0, 0, 0, 0, 0, 0, 0, 0, 0, 0, 0, 0, 0, 0, 0, 0, 0, 0, 0, 0, 0, 0, 0, 0, 0, 0, 0, 0, 0, 0, 0, 0, 0, 0, 0, 0, 0, 0, 0, 0, 0, 0, 0, 0, 0, 0, 0, 0, 0, 0, 0, 0, 0, 0, 0, 0, 0, 0, 0, 0, 0, 0, 0, 0, 0, 0, 0, 0, 0, 0, 0, 0, 0, 0, 0, 0, 0, 0, 0, 0, 0, 0, 0, 0, 0, 0, 0, 0, 0, 0, 0, 0, 0, 0, 0, 0, 0, 0, 0, 0, 0, 0, 0, 0, 0, 0, 0, 0, 0, 0, 0, 0, 0, 0, 0, 0, 0, 0, 0, 0, 0, 0, 0, 0, 0, 0, 0, 0, 0, 0, 0, 0, 0, 0, 0, 0, 0, 0, 0, 0, 0, 0, 0, 0, 0, 0, 0, 0, 0, 0, 0, 0, 0, 0, 0, 0, 0, 0, 0, 0, 0]","[0, 0, 0, 0, 0, 0, 0, 0, 0, 0, 0, 0, 0, 0, 0, 0, 0, 0, 0, 0, 0, 0, 0, 0, 0, 0, 0, 0, 0, 0, 0, 0, 0, 0, 0, 0, 0, 0, 0, 0, 0, 0, 0, 0, 0, 0, 0, 0, 0, 0, 0, 0, 0, 0, 0, 0, 0, 0, 0, 0, 0, 0, 0, 0, 0, 0, 0, 0, 0, 0, 0, 0, 0, 0, 0, 0, 0, 0, 0, 0, 0, 0, 0, 0, 0, 0, 0, 0, 0, 0, 0, 0, 0, 0, 0, 0, 0, 0, 0, 0, 0, 0, 0, 0, 0, 0, 0, 0, 0, 0, 0, 0, 0, 0, 0, 0, 0, 0, 0, 0, 0, 0, 0, 0, 0, 0, 0, 0, 0, 0, 0, 0, 0, 0, 0, 0, 0, 0, 0, 0, 0, 0, 0, 0, 0, 0, 0, 0, 0, 0, 0, 0, 0, 0, 0, 0, 0, 0, 0, 0, 0, 0, 0, 0, 0, 0, 0, 0, 0, 0, 0, 0, 0]","[0.040331399999558926, 0.04497139999875799, 0.04959820001386106, 0.05715280002914369, 0.07430099998600781, 0.09135140001308173, 0.10733089997665957, 0.1246021999977529, 0.14076640002895147, 0.15732639998896047, 0.17417990003013983, 0.1908903000294231, 0.20713850000174716, 0.2242349000298418, 0.24222870002267882, 0.25750609999522567, 0.2738316999748349, 0.29063880001194775, 0.30721430003177375, 0.32372009998653084, 0.34049670002423227, 0.3572938999859616, 0.37368269998114556, 0.3904469999833964, 0.407116100017447, 0.42387080000480637, 0.4405142000177875, 0.4569946000119671, 0.4737699999823235, 0.4904950999771245, 0.5071005999925546, 0.5235937000252306, 0.5403882000246085, 0.5569932999787852, 0.573846000013873, 0.5903705999953672, 0.6069677000050433, 0.6237875000224449, 0.641299800015986, 0.65736160002416, 0.6736266000079922, 0.6905888000037521, 0.7071247000130825, 0.7236973000108264, 0.740475400001742, 0.7567993000266142, 0.7738451000186615, 0.7909666000050493, 0.8071402999921702, 0.8236595999915153, 0.840868600003887, 0.8569108999799937, 0.8742652999935672, 0.8903762000263669, 0.9071249000262469, 0.9235733000095934, 0.9406236999784596, 0.9570832999888808, 0.9739207000238821, 0.990393900021445, 1.0071790000074543, 1.0236500999890268, 1.0402564000105485, 1.0570223000249825, 1.0734073999919929, 1.0901013999828137, 1.1069156000157818, 1.1239792000269517, 1.1404059000196867, 1.1575553999864496, 1.174101700016763, 1.190342799993232, 1.206985099997837, 1.223818400001619, 1.2405937000294216, 1.2571808000211604, 1.2745354999788105, 1.2902210000320338, 1.3071707999915816, 1.3235426000319421, 1.340560499986168, 1.3566724000265822, 1.3734040000126697, 1.3909242000081576, 1.4070153000066057, 1.4234233999741264, 1.4403544000233524, 1.4569705000030808, 1.473798600025475, 1.4905894999974407, 1.507501800020691, 1.5236295000067912, 1.540188400016632, 1.556817399978172, 1.573480200022459, 1.5899159000255167, 1.6065872000181116, 1.6233857999905013, 1.6402909000171348, 1.6568140999879688, 1.6731964999926277, 1.6899848000030033, 1.7067792000016198, 1.7234647999866866, 1.7402162000071257, 1.7576064000022598, 1.7736458000144921, 1.7900861999951303, 1.8071151999756694, 1.823216799995862, 1.839773099985905, 1.8567553000175394, 1.8732627999852411, 1.89013509999495, 1.9067517999792472, 1.9236675000283867, 1.9401493999757804, 1.9569326000055298, 1.973446000018157, 1.9898289000266232, 2.006683100014925, 2.023683000006713, 2.0399648000020534, 2.0573506000218913, 2.0734971999772824, 2.090257100004237, 2.1064923999947496, 2.1231975000118837, 2.139761400001589, 2.1565267000114545, 2.1730357999913394, 2.19020620000083, 2.206763800000772, 2.2234209000016563, 2.240004100021906, 2.2563387000118382, 2.2733261000248604, 2.2898944999906234, 2.3064076000009663, 2.32385460002115, 2.340176999976393, 2.356854600016959, 2.373440900002606, 2.3905339000048116, 2.406589200021699, 2.4237864000024274, 2.4401885999832302, 2.4569184000138193, 2.4729995999950916, 2.4900087999994867, 2.506559700006619, 2.52331449999474, 2.540141000004951, 2.5565072000026703, 2.573415599996224, 2.589751699997578, 2.606593700009398, 2.62313229998108, 2.640084400016349, 2.65655539999716, 2.6732437000027858, 2.690240400028415, 2.7065086999791674, 2.7232791000278667, 2.7399851999944076, 2.7565135000040755, 2.7733876000274904, 2.7900213000248186, 2.806402900023386, 2.823963599978015, 2.8399944999837317, 2.8564735000254586, 2.873299999977462]",,,,,,,,,,,,,,,,,,,,,,,,,,010,1,2024-10-09_16h32.00.401,f,2023.2.3,60.04361568601579,2024-10-09 16h33.37.823292 +0300,
familiarization,original,10,0,8,0,None,0,0,0,0,,,,,,,,,,,,,,,,,,,,,,,,,,,8.32084900001064,8.956751300022006,0.6306862999917939,0.48841819999506697,9.870522600016557,"[0.03125, 0.03125, 0.03125, 0.03125, 0.03125, 0.03125, 0.03125, 0.03125, 0.03125, 0.03125, 0.03125, 0.03125, 0.03125, 0.03125, 0.03125, 0.03125, 0.03125, 0.03125, 0.03125, 0.03125, 0.03125, 0.03125, 0.015625, 0.015625, 0.015625, 0.015625, 0.015625, 0.015625, 0.015625, 0.015625, 0.0, -0.03125, -0.0625, -0.078125, -0.046875, 0.046875, 0.140625, 0.265625, 0.46875, 0.546875, 0.65625, 0.71875, 0.703125, 0.703125, 0.6875, 0.6875, 0.671875, 0.671875, 0.671875, 0.65625, 0.65625, 0.65625, 0.65625, 0.65625, 0.671875, 0.671875, 0.703125, 0.75]","[-0.015625, -0.015625, -0.015625, -0.015625, -0.015625, -0.015625, -0.015625, -0.015625, -0.015625, -0.015625, -0.015625, -0.015625, -0.015625, -0.015625, -0.015625, -0.015625, -0.015625, -0.015625, -0.015625, -0.015625, -0.015625, -0.015625, -0.015625, -0.015625, -0.015625, -0.015625, -0.015625, -0.015625, -0.015625, 0.0, 0.046875, 0.40625, 0.953125, 1.828125, 2.5, 3.375, 4.0625, 4.75, 5.65625, 6.0625, 6.5625, 7.171875, 7.390625, 7.484375, 7.5, 7.5625, 7.625, 7.65625, 7.671875, 7.671875, 7.6875, 7.6875, 7.703125, 7.71875, 7.75, 7.765625, 7.84375, 8.046875]","[0, 0, 0, 0, 0, 0, 0, 0, 0, 0, 0, 0, 0, 0, 0, 0, 0, 0, 0, 0, 0, 0, 0, 0, 0, 0, 0, 0, 0, 0, 0, 0, 0, 0, 0, 0, 0, 0, 0, 0, 0, 0, 0, 0, 0, 0, 0, 0, 0, 0, 0, 0, 0, 0, 0, 0, 0, 0]","[0, 0, 0, 0, 0, 0, 0, 0, 0, 0, 0, 0, 0, 0, 0, 0, 0, 0, 0, 0, 0, 0, 0, 0, 0, 0, 0, 0, 0, 0, 0, 0, 0, 0, 0, 0, 0, 0, 0, 0, 0, 0, 0, 0, 0, 0, 0, 0, 0, 0, 0, 0, 0, 0, 0, 0, 0, 0]","[0, 0, 0, 0, 0, 0, 0, 0, 0, 0, 0, 0, 0, 0, 0, 0, 0, 0, 0, 0, 0, 0, 0, 0, 0, 0, 0, 0, 0, 0, 0, 0, 0, 0, 0, 0, 0, 0, 0, 0, 0, 0, 0, 0, 0, 0, 0, 0, 0, 0, 0, 0, 0, 0, 0, 0, 0, 0]","[8.952144100039732, 8.957145799999125, 8.961225700040814, 8.969910500047263, 8.98687040002551, 9.003985800023656, 9.019996000046376, 9.03647250001086, 9.053360800025985, 9.070412000000942, 9.086458900012076, 9.103157500037923, 9.120158100035042, 9.136742700007744, 9.152978000056464, 9.170021300029475, 9.186750799999572, 9.203297100029886, 9.219952900020871, 9.236590400047135, 9.25328730000183, 9.26966230000835, 9.286578700004611, 9.303754400054459, 9.319903200026602, 9.336701899999753, 9.353272500040475, 9.370006400044076, 9.386574300006032, 9.40316150005674, 9.419693800038658, 9.436379300022963, 9.453277700056788, 9.469738400017377, 9.48728400003165, 9.503100300033111, 9.520297800016124, 9.536699300049804, 9.553458100010175, 9.56984300003387, 9.586837300041225, 9.60287000000244, 9.619866900029592, 9.636838000034913, 9.653555200027768, 9.669761200028006, 9.686289400036912, 9.703225200006273, 9.72015150001971, 9.73666090000188, 9.752885100024287, 9.769745199999306, 9.786890100047458, 9.80340570001863, 9.819868400052655, 9.83639510005014, 9.853348700038623, 9.869845700042788]",9.8719310000306,9.885953100048937,9.885953100048937,12.386119300033897,12.386147400015034,12.401851000031456,2.659996971487999e-05,12.38661610003328,[],[],[],[],[],[],010,1,2024-10-09_16h32.00.401,f,2023.2.3,60.04361568601579,2024-10-09 16h33.37.823292 +0300,
familiarization,original,20,-8,0,0,None,0,1,1,1,0,0,0,0,12.401851000031456,,,,,,,,,,,,12.387797700008377,0.0035017000045627356,12.401851000031456,15.535195900010876,"[1.625, 1.625, 1.625, 1.625, 1.625, 1.625, 1.625, 1.625, 1.625, 1.625, 1.625, 1.625, 1.625, 1.625, 1.625, 1.625, 1.625, 1.625, 1.625, 1.625, 1.625, 1.625, 1.625, 1.6875, 1.765625, 1.875, 2.0, 2.171875, 2.34375, 2.46875, 2.578125, 2.6875, 2.8125, 2.859375, 2.875, 2.890625, 2.875, 2.828125, 2.71875, 2.609375, 2.484375, 2.390625, 2.3125, 2.234375, 2.09375, 2.0, 1.875, 1.734375, 1.59375, 1.484375, 1.375, 1.265625, 1.140625, 1.0625, 1.015625, 0.984375, 0.96875, 0.921875, 0.890625, 0.875, 0.828125, 0.796875, 0.765625, 0.71875, 0.6875, 0.609375, 0.515625, 0.4375, 0.34375, 0.296875, 0.21875, 0.140625, 0.0625, 0.0, -0.09375, -0.171875, -0.25, -0.328125, -0.34375, -0.421875, -0.46875, -0.5, -0.515625, -0.53125, -0.53125, -0.546875, -0.546875, -0.546875, -0.546875, -0.546875, -0.546875, -0.5625, -0.625, -0.6875, -0.8125, -0.890625, -0.953125, -0.984375, -1.0, -1.0, -0.984375, -0.921875, -0.875, -0.75, -0.609375, -0.484375, -0.296875, -0.171875, -0.015625, 0.09375, 0.21875, 0.3125, 0.453125, 0.5625, 0.6875, 0.75, 0.84375, 0.96875, 1.046875, 1.09375, 1.140625, 1.140625, 1.140625, 1.125, 1.125, 1.09375, 0.984375, 0.921875, 0.8125, 0.75, 0.71875, 0.671875, 0.640625, 0.625, 0.609375, 0.609375, 0.609375, 0.609375, 0.609375, 0.609375, 0.609375, 0.609375, 0.609375, 0.609375, 0.609375, 0.578125, 0.515625, 0.46875, 0.4375, 0.390625, 0.359375, 0.359375, 0.328125, 0.328125, 0.3125, 0.3125, 0.3125, 0.296875, 0.296875, 0.265625, 0.25, 0.21875, 0.21875, 0.21875, 0.21875, 0.21875, 0.21875, 0.21875, 0.21875, 0.21875, 0.21875, 0.21875, 0.21875, 0.21875, 0.21875, 0.21875, 0.21875, 0.21875, 0.21875, 0.21875, 0.21875, 0.21875, 0.203125, 0.203125, 0.203125, 0.203125, 0.203125, 0.203125, 0.1875, 0.171875]","[-2.375, -2.375, -2.375, -2.375, -2.375, -2.375, -2.375, -2.375, -2.375, -2.375, -2.375, -2.375, -2.359375, -2.359375, -2.359375, -2.359375, -2.359375, -2.359375, -2.359375, -2.359375, -2.359375, -2.359375, -2.359375, -2.296875, -2.203125, -2.09375, -1.96875, -1.8125, -1.65625, -1.5625, -1.46875, -1.390625, -1.296875, -1.25, -1.25, -1.25, -1.25, -1.265625, -1.296875, -1.359375, -1.421875, -1.453125, -1.484375, -1.515625, -1.5625, -1.609375, -1.640625, -1.6875, -1.71875, -1.75, -1.78125, -1.8125, -1.84375, -1.859375, -1.859375, -1.859375, -1.859375, -1.828125, -1.8125, -1.78125, -1.71875, -1.6875, -1.640625, -1.609375, -1.5625, -1.5, -1.421875, -1.359375, -1.3125, -1.28125, -1.25, -1.21875, -1.203125, -1.1875, -1.1875, -1.203125, -1.234375, -1.28125, -1.296875, -1.375, -1.453125, -1.515625, -1.546875, -1.59375, -1.625, -1.65625, -1.65625, -1.65625, -1.65625, -1.65625, -1.65625, -1.65625, -1.625, -1.59375, -1.53125, -1.46875, -1.453125, -1.40625, -1.375, -1.3125, -1.21875, -1.09375, -1.03125, -0.9375, -0.84375, -0.765625, -0.65625, -0.59375, -0.546875, -0.5, -0.46875, -0.4375, -0.421875, -0.421875, -0.421875, -0.421875, -0.421875, -0.40625, -0.40625, -0.40625, -0.40625, -0.40625, -0.40625, -0.421875, -0.421875, -0.40625, -0.40625, -0.390625, -0.359375, -0.34375, -0.34375, -0.328125, -0.328125, -0.328125, -0.328125, -0.328125, -0.328125, -0.328125, -0.328125, -0.328125, -0.328125, -0.328125, -0.328125, -0.328125, -0.328125, -0.328125, -0.328125, -0.328125, -0.3125, -0.3125, -0.296875, -0.296875, -0.28125, -0.265625, -0.265625, -0.25, -0.25, -0.25, -0.25, -0.234375, -0.21875, -0.21875, -0.203125, -0.203125, -0.203125, -0.203125, -0.21875, -0.21875, -0.21875, -0.21875, -0.21875, -0.21875, -0.21875, -0.21875, -0.21875, -0.21875, -0.203125, -0.203125, -0.203125, -0.203125, -0.203125, -0.203125, -0.203125, -0.203125, -0.203125, -0.203125, -0.203125, -0.1875, -0.1875, -0.171875]","[0, 0, 0, 0, 0, 0, 0, 0, 0, 0, 0, 0, 0, 0, 0, 0, 0, 0, 0, 0, 0, 0, 0, 0, 0, 0, 0, 0, 0, 0, 0, 0, 0, 0, 0, 0, 0, 0, 0, 0, 0, 0, 0, 0, 0, 0, 0, 0, 0, 0, 0, 0, 0, 0, 0, 0, 0, 0, 0, 0, 0, 0, 0, 0, 0, 0, 0, 0, 0, 0, 0, 0, 0, 0, 0, 0, 0, 0, 0, 0, 0, 0, 0, 0, 0, 0, 0, 0, 0, 0, 0, 0, 0, 0, 0, 0, 0, 0, 0, 0, 0, 0, 0, 0, 0, 0, 0, 0, 0, 0, 0, 0, 0, 0, 0, 0, 0, 0, 0, 0, 0, 0, 0, 0, 0, 0, 0, 0, 0, 0, 0, 0, 0, 0, 0, 0, 0, 0, 0, 0, 0, 0, 0, 0, 0, 0, 0, 0, 0, 0, 0, 0, 0, 0, 0, 0, 0, 0, 0, 0, 0, 0, 0, 0, 0, 0, 0, 0, 0, 0, 0, 0, 0, 0, 0, 0, 0, 0, 0, 0, 0, 0, 0, 0, 0, 0, 0, 0, 0, 0]","[0, 0, 0, 0, 0, 0, 0, 0, 0, 0, 0, 0, 0, 0, 0, 0, 0, 0, 0, 0, 0, 0, 0, 0, 0, 0, 0, 0, 0, 0, 0, 0, 0, 0, 0, 0, 0, 0, 0, 0, 0, 0, 0, 0, 0, 0, 0, 0, 0, 0, 0, 0, 0, 0, 0, 0, 0, 0, 0, 0, 0, 0, 0, 0, 0, 0, 0, 0, 0, 0, 0, 0, 0, 0, 0, 0, 0, 0, 0, 0, 0, 0, 0, 0, 0, 0, 0, 0, 0, 0, 0, 0, 0, 0, 0, 0, 0, 0, 0, 0, 0, 0, 0, 0, 0, 0, 0, 0, 0, 0, 0, 0, 0, 0, 0, 0, 0, 0, 0, 0, 0, 0, 0, 0, 0, 0, 0, 0, 0, 0, 0, 0, 0, 0, 0, 0, 0, 0, 0, 0, 0, 0, 0, 0, 0, 0, 0, 0, 0, 0, 0, 0, 0, 0, 0, 0, 0, 0, 0, 0, 0, 0, 0, 0, 0, 0, 0, 0, 0, 0, 0, 0, 0, 0, 0, 0, 0, 0, 0, 0, 0, 0, 0, 0, 0, 0, 0, 0, 0, 0]","[0, 0, 0, 0, 0, 0, 0, 0, 0, 0, 0, 0, 0, 0, 0, 0, 0, 0, 0, 0, 0, 0, 0, 0, 0, 0, 0, 0, 0, 0, 0, 0, 0, 0, 0, 0, 0, 0, 0, 0, 0, 0, 0, 0, 0, 0, 0, 0, 0, 0, 0, 0, 0, 0, 0, 0, 0, 0, 0, 0, 0, 0, 0, 0, 0, 0, 0, 0, 0, 0, 0, 0, 0, 0, 0, 0, 0, 0, 0, 0, 0, 0, 0, 0, 0, 0, 0, 0, 0, 0, 0, 0, 0, 0, 0, 0, 0, 0, 0, 0, 0, 0, 0, 0, 0, 0, 0, 0, 0, 0, 0, 0, 0, 0, 0, 0, 0, 0, 0, 0, 0, 0, 0, 0, 0, 0, 0, 0, 0, 0, 0, 0, 0, 0, 0, 0, 0, 0, 0, 0, 0, 0, 0, 0, 0, 0, 0, 0, 0, 0, 0, 0, 0, 0, 0, 0, 0, 0, 0, 0, 0, 0, 0, 0, 0, 0, 0, 0, 0, 0, 0, 0, 0, 0, 0, 0, 0, 0, 0, 0, 0, 0, 0, 0, 0, 0, 0, 0, 0, 0]","[0.00320609996560961, 0.014392699988093227, 0.030977699963841587, 0.047749899968039244, 0.06412779999664053, 0.08079189999261871, 0.09750329999951646, 0.11426389997359365, 0.13092799996957183, 0.1474739999976009, 0.16415699996287003, 0.1808096999884583, 0.19746429997030646, 0.21437790000345558, 0.2309994999668561, 0.24749469995731488, 0.2642507999553345, 0.2807533000013791, 0.2978908999939449, 0.3143755999626592, 0.3310666999896057, 0.34761880000587553, 0.36437659995863214, 0.38095580000663176, 0.3974074999568984, 0.41411169996717945, 0.43079449998913333, 0.44795239996165037, 0.46423389995470643, 0.4812883999547921, 0.4976137999910861, 0.5145337999565527, 0.5308669999940321, 0.5473321999888867, 0.5645752999698743, 0.5806780999992043, 0.5978455999866128, 0.6140454999986105, 0.6310615999973379, 0.6473598000011407, 0.6649655000073835, 0.6808980999630876, 0.6974979999940842, 0.7140223999740556, 0.730638699955307, 0.7473535999888554, 0.7642334999982268, 0.7807710999622941, 0.7975526999798603, 0.8144969999557361, 0.8305866000009701, 0.8478743999730796, 0.8641953999758698, 0.880505999957677, 0.8973899999982677, 0.9141092000063509, 0.9307693999726325, 0.9472563999588601, 0.9645333999651484, 0.9808550999732688, 0.9973619999946095, 1.0143312999862246, 1.0308312999550253, 1.047186599986162, 1.0638664999860339, 1.0809350999770686, 1.0974221999640577, 1.11520629998995, 1.1306390999816358, 1.1476695999735966, 1.1639474999974482, 1.1812632999499328, 1.1975682000047527, 1.2141788000008091, 1.2304173999582417, 1.2477738999878056, 1.2641445999615826, 1.2807649999740534, 1.297357200004626, 1.313736299984157, 1.330478799995035, 1.3472337999846786, 1.3639549000072293, 1.3804144999594428, 1.3983993000001647, 1.413922299980186, 1.4304761999519542, 1.4471077999914996, 1.4638590999529697, 1.480339899950195, 1.4970835999702103, 1.5139964999980293, 1.5306124999769963, 1.547355199989397, 1.564392299973406, 1.580880499968771, 1.5973299999604933, 1.613887799961958, 1.6303428999963216, 1.647161300003063, 1.6639598999754526, 1.6806660000002012, 1.697181699972134, 1.714068999979645, 1.7306853999616578, 1.7474295999854803, 1.7644081999897026, 1.7804266999592073, 1.7975037999567576, 1.8138019999605604, 1.8304563999990933, 1.8474523999611847, 1.8646797999972478, 1.8809936000034213, 1.8976377999642864, 1.9137074999744073, 1.9304280999931507, 1.9470675999764353, 1.9639735999517143, 1.9805830999976024, 1.9971813999582082, 2.013577699952293, 2.030773999984376, 2.0472075999714434, 2.06383169995388, 2.080263099982403, 2.0970372000010684, 2.1136109000071883, 2.1306880000047386, 2.1469815999735147, 2.1637101999949664, 2.18070099997567, 2.1971054999739863, 2.213770599977579, 2.230633199971635, 2.2470892999554053, 2.2638301999541, 2.280795299971942, 2.2970118999946862, 2.3140049999929033, 2.330577299988363, 2.3473281000042334, 2.3638873999589123, 2.3805025999899954, 2.39744819997577, 2.413851099961903, 2.43084419996012, 2.4471535999909975, 2.464329299982637, 2.4804637999623083, 2.4972356999642216, 2.5138962999917567, 2.5304491999559104, 2.547191199962981, 2.5639598999987356, 2.580929499992635, 2.5969577999785542, 2.613948599959258, 2.6303095999755897, 2.647088099969551, 2.664170000003651, 2.6808124999515712, 2.6969084999873303, 2.7135322999674827, 2.7304345999727957, 2.747126899950672, 2.763708799961023, 2.780377499992028, 2.797391999978572, 2.8136521999840625, 2.8304880000068806, 2.8469181999680586, 2.864285599964205, 2.8804023999837227, 2.8971083000069484, 2.913410599983763, 2.9302658999804407, 2.946996099955868, 2.963501099962741, 2.9801102000055835, 2.997180699952878, 3.0135234000044875, 3.030122099968139, 3.046761899953708, 3.0636256999569014, 3.0803441999596544, 3.097105900000315, 3.1136227999813855, 3.1303673000074923, 3.146821499976795]",,,,,,,,,,,,,,,,,,,,,,,,,,010,1,2024-10-09_16h32.00.401,f,2023.2.3,60.04361568601579,2024-10-09 16h33.37.823292 +0300,
familiarization,original,20,-8,0,0,None,0,1,1,1,,,,,,,,,,,,,,,,,,,,,,,,,,,16.767949000000954,16.783693300036248,0.0020287000224925578,0.5485419000033289,17.934488200000487,"[0.015625, 0.015625, 0.015625, 0.015625, 0.015625, 0.015625, 0.015625, 0.015625, 0.015625, 0.015625, 0.015625, 0.015625, 0.015625, 0.015625, 0.015625, 0.015625, 0.015625, 0.015625, 0.015625, 0.015625, 0.015625, 0.015625, 0.015625, 0.015625, 0.015625, 0.015625, 0.015625, 0.015625, 0.015625, 0.0, 0.0, -0.046875, -0.125, -0.390625, -0.6875, -1.0625, -1.5, -2.1875, -2.78125, -3.40625, -4.25, -4.90625, -5.28125, -5.296875, -5.296875, -5.28125, -5.28125, -5.265625, -5.265625, -5.25, -5.25, -5.25, -5.265625, -5.265625, -5.265625, -5.25, -5.25, -5.25, -5.25, -5.25, -5.265625, -5.375, -5.4375, -5.59375, -5.734375, -5.96875, -6.34375, -6.75, -7.28125, -7.890625, -8.578125]","[-0.078125, -0.078125, -0.078125, -0.078125, -0.078125, -0.078125, -0.078125, -0.078125, -0.078125, -0.078125, -0.078125, -0.078125, -0.078125, -0.078125, -0.078125, -0.078125, -0.078125, -0.078125, -0.078125, -0.078125, -0.078125, -0.078125, -0.09375, -0.09375, -0.09375, -0.09375, -0.09375, -0.09375, -0.09375, -0.09375, -0.09375, -0.078125, -0.078125, -0.0625, -0.0625, -0.09375, -0.15625, -0.265625, -0.359375, -0.4375, -0.546875, -0.609375, -0.65625, -0.65625, -0.65625, -0.671875, -0.671875, -0.671875, -0.671875, -0.671875, -0.671875, -0.6875, -0.6875, -0.6875, -0.6875, -0.6875, -0.6875, -0.6875, -0.6875, -0.6875, -0.6875, -0.65625, -0.625, -0.546875, -0.484375, -0.375, -0.21875, -0.0625, 0.125, 0.296875, 0.4375]","[0, 0, 0, 0, 0, 0, 0, 0, 0, 0, 0, 0, 0, 0, 0, 0, 0, 0, 0, 0, 0, 0, 0, 0, 0, 0, 0, 0, 0, 0, 0, 0, 0, 0, 0, 0, 0, 0, 0, 0, 0, 0, 0, 0, 0, 0, 0, 0, 0, 0, 0, 0, 0, 0, 0, 0, 0, 0, 0, 0, 0, 0, 0, 0, 0, 0, 0, 0, 0, 0, 0]","[0, 0, 0, 0, 0, 0, 0, 0, 0, 0, 0, 0, 0, 0, 0, 0, 0, 0, 0, 0, 0, 0, 0, 0, 0, 0, 0, 0, 0, 0, 0, 0, 0, 0, 0, 0, 0, 0, 0, 0, 0, 0, 0, 0, 0, 0, 0, 0, 0, 0, 0, 0, 0, 0, 0, 0, 0, 0, 0, 0, 0, 0, 0, 0, 0, 0, 0, 0, 0, 0, 0]","[0, 0, 0, 0, 0, 0, 0, 0, 0, 0, 0, 0, 0, 0, 0, 0, 0, 0, 0, 0, 0, 0, 0, 0, 0, 0, 0, 0, 0, 0, 0, 0, 0, 0, 0, 0, 0, 0, 0, 0, 0, 0, 0, 0, 0, 0, 0, 0, 0, 0, 0, 0, 0, 0, 0, 0, 0, 0, 0, 0, 0, 0, 0, 0, 0, 0, 0, 0, 0, 0, 0]","[16.77023080002982, 16.78406720003113, 16.80098810000345, 16.817223700054456, 16.833936400013044, 16.850693200016394, 16.86722680000821, 16.884058300056495, 16.900782600045204, 16.917214300017804, 16.933936300047208, 16.95045070000924, 16.967133300029673, 16.983899300044868, 17.00043780001579, 17.01713600003859, 17.034002700005658, 17.050542300043162, 17.067331500002183, 17.083871500042733, 17.100641200027894, 17.11715910001658, 17.1338275000453, 17.15045990003273, 17.16708300000755, 17.18379120004829, 17.200643600022886, 17.21765800000867, 17.233886100002564, 17.250539800035767, 17.267205400043167, 17.283805300015956, 17.300298800051678, 17.317041600006633, 17.33435110002756, 17.35088270000415, 17.36729090003064, 17.383978600031696, 17.400470000051428, 17.417618900013622, 17.43360740004573, 17.45030810002936, 17.467034600034822, 17.483788400015328, 17.501065400021616, 17.5170480000088, 17.533847300044727, 17.550848600047175, 17.567014000029303, 17.583568800007924, 17.600563300016802, 17.617180300003383, 17.63348680001218, 17.65031060000183, 17.66715810005553, 17.683827400032897, 17.70080550003331, 17.716878100007307, 17.73361710004974, 17.750468500016723, 17.767643700004555, 17.78347250004299, 17.800403100030962, 17.81721580005251, 17.836108900024556, 17.852385100035463, 17.868334600003436, 17.883600700006355, 17.900430000037886, 17.91717970004538, 17.933819700032473]",17.93581809999887,17.95009110000683,17.95009110000683,20.44965520000551,20.44968020002125,20.465886900026817,2.1299987565726042e-05,20.450184700021055,[],[],[],[],[],[],010,1,2024-10-09_16h32.00.401,f,2023.2.3,60.04361568601579,2024-10-09 16h33.37.823292 +0300,
familiarization,original,40,8,0,0,None,0,2,2,2,0,0,0,0,20.465886900026817,,,,,,,,,,,,20.451119400036987,0.0036055000382475555,20.465886900026817,22.033157400030177,"[3.203125, 3.25, 3.265625, 3.328125, 3.390625, 3.4375, 3.46875, 3.515625, 3.546875, 3.5625, 3.5625, 3.5625, 3.546875, 3.515625, 3.484375, 3.390625, 3.3125, 3.15625, 3.109375, 3.078125, 3.0625, 3.0625, 3.0625, 3.078125, 3.078125, 3.078125, 3.078125, 3.078125, 3.046875, 2.984375, 2.921875, 2.84375, 2.640625, 2.46875, 2.203125, 2.015625, 1.796875, 1.578125, 1.421875, 1.296875, 1.21875, 1.125, 1.09375, 1.0625, 1.0625, 1.046875, 1.046875, 1.0625, 1.09375, 1.09375, 1.125, 1.140625, 1.15625, 1.15625, 1.171875, 1.171875, 1.15625, 1.140625, 1.140625, 1.140625, 1.140625, 1.125, 1.109375, 1.0625, 1.03125, 0.984375, 0.90625, 0.859375, 0.765625, 0.65625, 0.59375, 0.5625, 0.5, 0.46875, 0.46875, 0.46875, 0.46875, 0.515625, 0.546875, 0.59375, 0.640625, 0.703125, 0.71875, 0.71875, 0.71875, 0.71875, 0.703125, 0.65625, 0.59375, 0.5625, 0.484375, 0.4375, 0.375, 0.328125, 0.28125, 0.234375]","[0.84375, 0.859375, 0.859375, 0.84375, 0.796875, 0.734375, 0.65625, 0.5625, 0.484375, 0.453125, 0.453125, 0.453125, 0.453125, 0.4375, 0.4375, 0.4375, 0.4375, 0.46875, 0.484375, 0.484375, 0.484375, 0.484375, 0.484375, 0.484375, 0.484375, 0.484375, 0.5, 0.5, 0.515625, 0.53125, 0.53125, 0.546875, 0.5, 0.453125, 0.34375, 0.265625, 0.171875, 0.046875, -0.03125, -0.109375, -0.15625, -0.1875, -0.203125, -0.21875, -0.21875, -0.234375, -0.234375, -0.25, -0.296875, -0.3125, -0.375, -0.40625, -0.421875, -0.4375, -0.453125, -0.46875, -0.484375, -0.515625, -0.515625, -0.515625, -0.515625, -0.515625, -0.515625, -0.515625, -0.5, -0.484375, -0.46875, -0.453125, -0.4375, -0.40625, -0.375, -0.375, -0.34375, -0.3125, -0.3125, -0.3125, -0.296875, -0.25, -0.21875, -0.1875, -0.171875, -0.140625, -0.125, -0.125, -0.125, -0.125, -0.109375, -0.078125, -0.03125, -0.015625, 0.0, 0.0, 0.015625, 0.015625, 0.015625, 0.015625]","[1, 1, 1, 1, 1, 1, 1, 1, 1, 1, 1, 1, 1, 1, 1, 1, 1, 1, 1, 1, 1, 1, 1, 1, 1, 1, 1, 1, 1, 1, 1, 1, 1, 1, 1, 1, 1, 1, 1, 1, 1, 1, 1, 1, 1, 1, 1, 1, 1, 1, 1, 1, 1, 1, 1, 1, 1, 1, 1, 1, 1, 1, 1, 1, 1, 1, 1, 1, 1, 1, 1, 1, 1, 1, 1, 1, 1, 1, 1, 1, 1, 1, 1, 1, 1, 1, 1, 1, 1, 1, 1, 1, 1, 1, 1, 1]","[0, 0, 0, 0, 0, 0, 0, 0, 0, 0, 0, 0, 0, 0, 0, 0, 0, 0, 0, 0, 0, 0, 0, 0, 0, 0, 0, 0, 0, 0, 0, 0, 0, 0, 0, 0, 0, 0, 0, 0, 0, 0, 0, 0, 0, 0, 0, 0, 0, 0, 0, 0, 0, 0, 0, 0, 0, 0, 0, 0, 0, 0, 0, 0, 0, 0, 0, 0, 0, 0, 0, 0, 0, 0, 0, 0, 0, 0, 0, 0, 0, 0, 0, 0, 0, 0, 0, 0, 0, 0, 0, 0, 0, 0, 0, 0]","[0, 0, 0, 0, 0, 0, 0, 0, 0, 0, 0, 0, 0, 0, 0, 0, 0, 0, 0, 0, 0, 0, 0, 0, 0, 0, 0, 0, 0, 0, 0, 0, 0, 0, 0, 0, 0, 0, 0, 0, 0, 0, 0, 0, 0, 0, 0, 0, 0, 0, 0, 0, 0, 0, 0, 0, 0, 0, 0, 0, 0, 0, 0, 0, 0, 0, 0, 0, 0, 0, 0, 0, 0, 0, 0, 0, 0, 0, 0, 0, 0, 0, 0, 0, 0, 0, 0, 0, 0, 0, 0, 0, 0, 0, 0, 0]","[0.003553599992301315, 0.015093199966941029, 0.031814999994821846, 0.04865719994995743, 0.06496499996865168, 0.08146499999566004, 0.09828229999402538, 0.11511489999247715, 0.13152929994976148, 0.14841289998730645, 0.16502699995180592, 0.1817342999856919, 0.1985700999503024, 0.2149965999997221, 0.2316131999832578, 0.24823729996569455, 0.2653131999541074, 0.2813754999660887, 0.2982188999885693, 0.3149290999863297, 0.3316957999486476, 0.34836899995571, 0.3646119999466464, 0.38153069996042177, 0.3979531999793835, 0.41495309997117147, 0.43148159998236224, 0.4481243999907747, 0.4650660999468528, 0.48208049999084324, 0.49809869995806366, 0.5150267999852076, 0.5316987999831326, 0.5489189999643713, 0.5645843999809586, 0.5816954999463633, 0.5980125999776646, 0.6153073000023142, 0.631708399974741, 0.6479334000032395, 0.6653905999846756, 0.6814700999530032, 0.6984549999469891, 0.7145035999710672, 0.731201599992346, 0.7479685999569483, 0.7647636999608949, 0.7812483999878168, 0.7984636999899521, 0.8154893000028096, 0.831490499956999, 0.847912399971392, 0.8648184999474324, 0.8819606999750249, 0.897971999947913, 0.9149655999499373, 0.9314131999853998, 0.947968199965544, 0.9644753999891691, 0.9811128999572247, 0.9980671999510378, 1.0148362999898382, 1.0312815999495797, 1.0486140999710187, 1.0646707999985665, 1.0812559999758378, 1.0979701000032946, 1.1148927999893203, 1.1314103999757208, 1.1480776999960653, 1.164889499952551, 1.1814723999705166, 1.1983295999816619, 1.214611099974718, 1.2313190999557264, 1.247828199993819, 1.2648873999714851, 1.2817751999828033, 1.2979735999833792, 1.3144124999525957, 1.3313855999731459, 1.3479124999721535, 1.3644159999676049, 1.381082099978812, 1.397741799999494, 1.4149545999825932, 1.431968999968376, 1.44825379998656, 1.464667799999006, 1.4815000999951735, 1.498045899963472, 1.5147342999698594, 1.5315503999590874, 1.54815139999846, 1.5646129999659024, 1.5814447999582626]",,,,,,,,,,,,,,,,,,,,,,,,,,010,1,2024-10-09_16h32.00.401,f,2023.2.3,60.04361568601579,2024-10-09 16h33.37.823292 +0300,
familiarization,original,40,8,0,0,None,0,2,2,2,,,,,,,,,,,,,,,,,,,,,,,,,,,23.249174500000663,23.26485620002495,0.0019583000103011727,0.5153522999607958,23.93220800004201,"[0.078125, 0.078125, 0.078125, 0.078125, 0.078125, 0.078125, 0.078125, 0.078125, 0.078125, 0.078125, 0.078125, 0.078125, 0.078125, 0.078125, 0.078125, 0.078125, 0.078125, 0.078125, 0.078125, 0.078125, 0.078125, 0.078125, 0.078125, 0.078125, 0.078125, 0.078125, 0.078125, 0.09375, 0.09375, 0.109375, 0.265625, 0.546875, 0.90625, 1.53125, 2.09375, 2.75, 3.75, 4.5625, 5.734375, 6.671875, 7.578125, 8.71875]","[0.03125, 0.03125, 0.03125, 0.03125, 0.03125, 0.03125, 0.03125, 0.03125, 0.03125, 0.03125, 0.03125, 0.03125, 0.03125, 0.03125, 0.03125, 0.03125, 0.03125, 0.03125, 0.03125, 0.03125, 0.03125, 0.03125, 0.03125, 0.03125, 0.03125, 0.03125, 0.03125, 0.03125, 0.03125, 0.03125, 0.03125, 0.046875, 0.0625, 0.109375, 0.1875, 0.265625, 0.421875, 0.515625, 0.625, 0.703125, 0.765625, 0.78125]","[0, 0, 0, 0, 0, 0, 0, 0, 0, 0, 0, 0, 0, 0, 0, 0, 0, 0, 0, 0, 0, 0, 0, 0, 0, 0, 0, 0, 0, 0, 0, 0, 0, 0, 0, 0, 0, 0, 0, 0, 0, 0]","[0, 0, 0, 0, 0, 0, 0, 0, 0, 0, 0, 0, 0, 0, 0, 0, 0, 0, 0, 0, 0, 0, 0, 0, 0, 0, 0, 0, 0, 0, 0, 0, 0, 0, 0, 0, 0, 0, 0, 0, 0, 0]","[0, 0, 0, 0, 0, 0, 0, 0, 0, 0, 0, 0, 0, 0, 0, 0, 0, 0, 0, 0, 0, 0, 0, 0, 0, 0, 0, 0, 0, 0, 0, 0, 0, 0, 0, 0, 0, 0, 0, 0, 0, 0]","[23.25167650001822, 23.2652527000173, 23.281756300013512, 23.298729400034063, 23.31504220003262, 23.331696300010663, 23.34865700005321, 23.365256800025236, 23.381752700021025, 23.398606100003235, 23.41532540001208, 23.43173770001158, 23.44868040003348, 23.46499930002028, 23.481599900056608, 23.498417300055735, 23.515508000040427, 23.531834400026128, 23.54868190002162, 23.565357200044673, 23.582053500053007, 23.59853529999964, 23.61516060004942, 23.631902000051923, 23.648313800047617, 23.6650405000546, 23.68171000003349, 23.698539200006053, 23.715071100043133, 23.732118000043556, 23.74834730004659, 23.76524190005148, 23.781777000054717, 23.798862399999052, 23.814825300010853, 23.832068400050048, 23.848284400010016, 23.86475290003, 23.88192730001174, 23.898440600023605, 23.91502750001382, 23.931693500024267]",23.93306800001301,23.947614200005773,23.947614200005773,26.44805390003603,26.44807820004644,26.463496900047176,2.1599989850074053e-05,26.448570300010033,[],[],[],[],[],[],010,1,2024-10-09_16h32.00.401,f,2023.2.3,60.04361568601579,2024-10-09 16h33.37.823292 +0300,
familiarization,original,30,0,-8,0,None,0,3,3,3,0,0,0,0,26.463496900047176,,,,,,,,,,,,26.44938980002189,0.003196599951479584,26.463496900047176,26.452976700034924,[-0.203125],[0.03125],[1],[0],[0],[0.0029674999532289803],,,,,,,,,,,,,,,,,,,,,,,,,,010,1,2024-10-09_16h32.00.401,f,2023.2.3,60.04361568601579,2024-10-09 16h33.37.823292 +0300,
familiarization,original,30,0,-8,0,None,0,3,3,3,,,,,,,,,,,,,,,,,,,,,,,,,,,28.347390500013717,28.36323870002525,0.001980000000912696,0.8152065000031143,30.179882000025827,"[0.078125, 0.078125, 0.078125, 0.078125, 0.078125, 0.078125, 0.078125, 0.078125, 0.078125, 0.078125, 0.078125, 0.078125, 0.078125, 0.078125, 0.078125, 0.078125, 0.078125, 0.078125, 0.078125, 0.078125, 0.078125, 0.078125, 0.078125, 0.078125, 0.078125, 0.078125, 0.078125, 0.078125, 0.078125, 0.078125, 0.078125, 0.078125, 0.078125, 0.078125, 0.078125, 0.078125, 0.078125, 0.078125, 0.078125, 0.078125, 0.078125, 0.078125, 0.078125, 0.078125, 0.078125, 0.078125, 0.078125, 0.140625, 0.203125, 0.28125, 0.34375, 0.390625, 0.390625, 0.390625, 0.375, 0.390625, 0.453125, 0.546875, 0.640625, 0.75, 0.90625, 1.0, 1.046875, 1.109375, 1.125, 1.140625, 1.140625, 1.140625, 1.140625, 1.140625, 1.140625, 1.140625, 1.140625, 1.140625, 1.140625, 1.140625, 1.140625, 1.140625, 1.140625, 1.140625, 1.140625, 1.140625, 1.140625, 1.140625, 1.140625, 1.140625, 1.140625, 1.140625, 1.140625, 1.140625, 1.140625, 1.140625, 1.140625, 1.140625, 1.140625, 1.140625, 1.140625, 1.140625, 1.140625, 1.140625, 1.140625, 1.140625, 1.140625, 1.140625, 1.140625, 1.140625, 1.140625, 1.140625, 1.140625, 1.140625, 1.140625]","[0.09375, 0.09375, 0.09375, 0.09375, 0.09375, 0.09375, 0.09375, 0.09375, 0.09375, 0.09375, 0.09375, 0.09375, 0.09375, 0.09375, 0.09375, 0.09375, 0.09375, 0.09375, 0.09375, 0.09375, 0.09375, 0.09375, 0.09375, 0.09375, 0.09375, 0.09375, 0.09375, 0.09375, 0.09375, 0.09375, 0.09375, 0.09375, 0.09375, 0.09375, 0.09375, 0.09375, 0.09375, 0.09375, 0.09375, 0.09375, 0.09375, 0.09375, 0.09375, 0.09375, 0.09375, 0.09375, 0.09375, 0.015625, -0.140625, -0.421875, -0.84375, -1.546875, -2.140625, -2.546875, -3.1875, -4.015625, -4.78125, -5.515625, -6.0, -6.40625, -6.859375, -7.140625, -7.28125, -7.59375, -7.734375, -7.796875, -7.828125, -7.828125, -7.84375, -7.84375, -7.84375, -7.84375, -7.84375, -7.84375, -7.84375, -7.84375, -7.84375, -7.84375, -7.84375, -7.84375, -7.84375, -7.84375, -7.84375, -7.84375, -7.84375, -7.84375, -7.84375, -7.84375, -7.84375, -7.84375, -7.84375, -7.84375, -7.84375, -7.84375, -7.84375, -7.84375, -7.84375, -7.84375, -7.84375, -7.84375, -7.84375, -7.84375, -7.84375, -7.84375, -7.84375, -7.84375, -7.84375, -7.84375, -7.84375, -7.84375, -7.84375]","[0, 0, 0, 0, 0, 0, 0, 0, 0, 0, 0, 0, 0, 0, 0, 0, 0, 0, 0, 0, 0, 0, 0, 0, 0, 0, 0, 0, 0, 0, 0, 0, 0, 0, 0, 0, 0, 0, 0, 0, 0, 0, 0, 0, 0, 0, 0, 0, 0, 0, 0, 0, 0, 0, 0, 0, 0, 0, 0, 0, 0, 0, 0, 0, 0, 0, 0, 0, 0, 0, 0, 0, 0, 0, 0, 0, 0, 0, 0, 0, 0, 0, 0, 0, 0, 0, 0, 0, 0, 0, 0, 0, 0, 0, 0, 0, 0, 0, 0, 0, 0, 0, 0, 0, 0, 0, 0, 0, 0, 0, 0]","[0, 0, 0, 0, 0, 0, 0, 0, 0, 0, 0, 0, 0, 0, 0, 0, 0, 0, 0, 0, 0, 0, 0, 0, 0, 0, 0, 0, 0, 0, 0, 0, 0, 0, 0, 0, 0, 0, 0, 0, 0, 0, 0, 0, 0, 0, 0, 0, 0, 0, 0, 0, 0, 0, 0, 0, 0, 0, 0, 0, 0, 0, 0, 0, 0, 0, 0, 0, 0, 0, 0, 0, 0, 0, 0, 0, 0, 0, 0, 0, 0, 0, 0, 0, 0, 0, 0, 0, 0, 0, 0, 0, 0, 0, 0, 0, 0, 0, 0, 0, 0, 0, 0, 0, 0, 0, 0, 0, 0, 0, 0]","[0, 0, 0, 0, 0, 0, 0, 0, 0, 0, 0, 0, 0, 0, 0, 0, 0, 0, 0, 0, 0, 0, 0, 0, 0, 0, 0, 0, 0, 0, 0, 0, 0, 0, 0, 0, 0, 0, 0, 0, 0, 0, 0, 0, 0, 0, 0, 0, 0, 0, 0, 0, 0, 0, 0, 0, 0, 0, 0, 0, 0, 0, 0, 0, 0, 0, 0, 0, 0, 0, 0, 0, 0, 0, 0, 0, 0, 0, 0, 0, 0, 0, 0, 0, 0, 0, 0, 0, 0, 0, 0, 0, 0, 0, 0, 0, 0, 0, 0, 0, 0, 0, 0, 0, 0, 0, 0, 0, 0, 0, 0]","[28.349609500030056, 28.36369280004874, 28.380127500044182, 28.39693480002461, 28.413415700022597, 28.42998300003819, 28.446895300003234, 28.46376140002394, 28.479991300031543, 28.49684310000157, 28.513058900018223, 28.529905600007623, 28.54671290004626, 28.56306960002985, 28.579898600000888, 28.59678070002701, 28.613465200003702, 28.630108600016683, 28.646452700020745, 28.663064200023655, 28.679998700041324, 28.69654040003661, 28.713729800016154, 28.730059000023175, 28.746440800023265, 28.763062600046396, 28.779693500022404, 28.79647100000875, 28.813208000035957, 28.829980800044723, 28.84636980004143, 28.863172300043516, 28.88005570002133, 28.896656600001734, 28.91307060001418, 28.930002600012813, 28.9465073000174, 28.96329920005519, 28.979732100036927, 28.99634930002503, 29.01349740003934, 29.02949530002661, 29.046429400041234, 29.063052500016056, 29.079802600026596, 29.09634820005158, 29.11325819999911, 29.129978100012522, 29.14671790000284, 29.163165800040588, 29.18039370002225, 29.1964729000465, 29.213139300001785, 29.23006610001903, 29.246351100038737, 29.26375530002406, 29.280086300044786, 29.296721999999136, 29.312995900050737, 29.329830300004687, 29.346666800032835, 29.363094400032423, 29.37995700002648, 29.39664830005495, 29.412899600050878, 29.429955500003416, 29.446374300052412, 29.463926700002048, 29.479944900027476, 29.49662970000645, 29.513082700024825, 29.52955540001858, 29.546050900011323, 29.562941100040916, 29.580168700020295, 29.596701800008304, 29.613030800013803, 29.629904700035695, 29.646493400039617, 29.66300030000275, 29.679711600008886, 29.69609110004967, 29.71277830004692, 29.729828600015026, 29.74645400000736, 29.762693600030616, 29.77974050003104, 29.796526600024663, 29.812849900044966, 29.829507900052704, 29.846060700016096, 29.862750100030098, 29.879375700023957, 29.89609080000082, 29.912624600052368, 29.929668300028425, 29.94637670001248, 29.962855700054206, 29.979406900005415, 29.99609110003803, 30.012612300051842, 30.029345600050874, 30.046191700035706, 30.062628300045617, 30.079491800046526, 30.096619400021154, 30.112814700056333, 30.129599200037774, 30.145858000032604, 30.162628300022334, 30.17941240000073]",30.181381300033536,30.195991900051013,30.195991900051013,32.69550650002202,32.695531400037,32.71153170004254,2.180004958063364e-05,32.69600300001912,[],[],[],[],[],[],010,1,2024-10-09_16h32.00.401,f,2023.2.3,60.04361568601579,2024-10-09 16h33.37.823292 +0300,
familiarization,original,20,-8,0,0,None,0,4,4,4,0,0,0,0,32.71153170004254,,,,,,,,,,,,32.6968263000017,0.003155000042170286,32.71153170004254,33.77946640003938,"[0.078125, 0.078125, 0.078125, 0.078125, 0.078125, 0.078125, 0.078125, 0.078125, 0.078125, 0.078125, 0.078125, 0.078125, 0.078125, 0.078125, 0.078125, 0.078125, 0.078125, 0.078125, 0.078125, 0.078125, 0.078125, 0.09375, 0.09375, 0.09375, 0.09375, 0.09375, 0.09375, 0.09375, 0.109375, 0.109375, 0.125, 0.140625, 0.171875, 0.1875, 0.203125, 0.234375, 0.265625, 0.296875, 0.328125, 0.421875, 0.46875, 0.5625, 0.640625, 0.734375, 0.8125, 0.875, 0.953125, 1.0, 1.015625, 1.015625, 1.03125, 1.015625, 1.015625, 1.0, 0.953125, 0.90625, 0.859375, 0.828125, 0.765625, 0.71875, 0.640625, 0.546875, 0.421875, 0.3125, 0.25, 0.1875]","[1.421875, 1.421875, 1.421875, 1.421875, 1.421875, 1.421875, 1.421875, 1.421875, 1.421875, 1.421875, 1.421875, 1.421875, 1.421875, 1.421875, 1.421875, 1.421875, 1.421875, 1.421875, 1.421875, 1.421875, 1.40625, 1.40625, 1.40625, 1.390625, 1.390625, 1.390625, 1.390625, 1.375, 1.375, 1.359375, 1.328125, 1.3125, 1.265625, 1.234375, 1.203125, 1.15625, 1.09375, 1.046875, 0.96875, 0.84375, 0.765625, 0.65625, 0.578125, 0.46875, 0.390625, 0.3125, 0.25, 0.21875, 0.203125, 0.203125, 0.203125, 0.203125, 0.203125, 0.203125, 0.21875, 0.234375, 0.25, 0.265625, 0.28125, 0.296875, 0.296875, 0.28125, 0.234375, 0.203125, 0.171875, 0.140625]","[0, 0, 0, 0, 0, 0, 0, 0, 0, 0, 0, 0, 0, 0, 0, 0, 0, 0, 0, 0, 0, 0, 0, 0, 0, 0, 0, 0, 0, 0, 0, 0, 0, 0, 0, 0, 0, 0, 0, 0, 0, 0, 0, 0, 0, 0, 0, 0, 0, 0, 0, 0, 0, 0, 0, 0, 0, 0, 0, 0, 0, 0, 0, 0, 0, 0]","[0, 0, 0, 0, 0, 0, 0, 0, 0, 0, 0, 0, 0, 0, 0, 0, 0, 0, 0, 0, 0, 0, 0, 0, 0, 0, 0, 0, 0, 0, 0, 0, 0, 0, 0, 0, 0, 0, 0, 0, 0, 0, 0, 0, 0, 0, 0, 0, 0, 0, 0, 0, 0, 0, 0, 0, 0, 0, 0, 0, 0, 0, 0, 0, 0, 0]","[0, 0, 0, 0, 0, 0, 0, 0, 0, 0, 0, 0, 0, 0, 0, 0, 0, 0, 0, 0, 0, 0, 0, 0, 0, 0, 0, 0, 0, 0, 0, 0, 0, 0, 0, 0, 0, 0, 0, 0, 0, 0, 0, 0, 0, 0, 0, 0, 0, 0, 0, 0, 0, 0, 0, 0, 0, 0, 0, 0, 0, 0, 0, 0, 0, 0]","[0.002876300015486777, 0.015197300002910197, 0.03190170001471415, 0.048933799960650504, 0.064919899974484, 0.08193370001390576, 0.09812589996727183, 0.1152148999972269, 0.13159199996152893, 0.14845899998908862, 0.164917099988088, 0.18198260001372546, 0.19889339996734634, 0.21511759998975322, 0.23171799996634945, 0.24836289999075234, 0.2649135999963619, 0.28142319998005405, 0.29827829997520894, 0.3150533000007272, 0.3315100999898277, 0.34887559997150674, 0.3650822999770753, 0.3819206999614835, 0.39816779998363927, 0.4152371999807656, 0.4316834000055678, 0.44837810000171885, 0.46494979999260977, 0.4817246000166051, 0.49842409999109805, 0.5149000000092201, 0.5321121999877505, 0.5487367999739945, 0.5649592999834567, 0.5815612999722362, 0.5979478000081144, 0.6150285999756306, 0.6312910999986343, 0.6484530000016093, 0.6649734000093304, 0.6820329999900423, 0.6983373999828473, 0.7149550999747589, 0.7314365999773145, 0.7483477999921888, 0.7651883999933489, 0.7815762999816798, 0.7983584000030532, 0.8148232999956235, 0.8314722999930382, 0.8481799999717623, 0.8649000999866985, 0.8813462000107393, 0.8980113000143319, 0.9149876000010408, 0.9316566999768838, 0.9490549999754876, 0.9650235999724828, 0.9816044999752194, 0.9980900000082329, 1.0147671999875456, 1.0314666999620385, 1.0490653999731876, 1.064711500017438, 1.081983099982608]",,,,,,,,,,,,,,,,,,,,,,,,,,010,1,2024-10-09_16h32.00.401,f,2023.2.3,60.04361568601579,2024-10-09 16h33.37.823292 +0300,
familiarization,original,20,-8,0,0,None,0,4,4,4,,,,,,,,,,,,,,,,,,,,,,,,,,,34.81162960000802,34.827738200023305,0.001892099971882999,0.6321930999984033,35.67834890005179,"[0.09375, 0.09375, 0.09375, 0.09375, 0.09375, 0.09375, 0.09375, 0.09375, 0.09375, 0.09375, 0.09375, 0.09375, 0.09375, 0.09375, 0.09375, 0.09375, 0.09375, 0.09375, 0.09375, 0.09375, 0.09375, 0.09375, 0.09375, 0.09375, 0.09375, 0.09375, 0.09375, 0.09375, 0.09375, 0.09375, 0.09375, 0.09375, 0.09375, 0.09375, 0.09375, 0.09375, 0.078125, 0.0, -0.265625, -0.671875, -1.046875, -1.421875, -1.796875, -2.515625, -3.15625, -4.09375, -4.8125, -5.1875, -5.265625, -5.40625, -6.0, -6.875, -8.109375]","[0.078125, 0.078125, 0.078125, 0.078125, 0.078125, 0.078125, 0.078125, 0.078125, 0.078125, 0.078125, 0.078125, 0.078125, 0.078125, 0.078125, 0.078125, 0.078125, 0.078125, 0.078125, 0.078125, 0.078125, 0.078125, 0.078125, 0.078125, 0.078125, 0.078125, 0.078125, 0.078125, 0.078125, 0.078125, 0.078125, 0.078125, 0.078125, 0.078125, 0.078125, 0.078125, 0.078125, 0.078125, 0.09375, 0.140625, 0.15625, 0.140625, 0.125, 0.125, 0.09375, 0.0625, 0.0, -0.046875, -0.078125, -0.078125, -0.078125, -0.0625, -0.09375, -0.125]","[0, 0, 0, 0, 0, 0, 0, 0, 0, 0, 0, 0, 0, 0, 0, 0, 0, 0, 0, 0, 0, 0, 0, 0, 0, 0, 0, 0, 0, 0, 0, 0, 0, 0, 0, 0, 0, 0, 0, 0, 0, 0, 0, 0, 0, 0, 0, 0, 0, 0, 0, 0, 0]","[0, 0, 0, 0, 0, 0, 0, 0, 0, 0, 0, 0, 0, 0, 0, 0, 0, 0, 0, 0, 0, 0, 0, 0, 0, 0, 0, 0, 0, 0, 0, 0, 0, 0, 0, 0, 0, 0, 0, 0, 0, 0, 0, 0, 0, 0, 0, 0, 0, 0, 0, 0, 0]","[0, 0, 0, 0, 0, 0, 0, 0, 0, 0, 0, 0, 0, 0, 0, 0, 0, 0, 0, 0, 0, 0, 0, 0, 0, 0, 0, 0, 0, 0, 0, 0, 0, 0, 0, 0, 0, 0, 0, 0, 0, 0, 0, 0, 0, 0, 0, 0, 0, 0, 0, 0, 0]","[34.813739600009285, 34.828244300035294, 34.84466420003446, 34.86105350003345, 34.87815780000528, 34.89470580004854, 34.911443100019824, 34.92766310001025, 34.944418800005224, 34.9612040000502, 34.9778639000142, 34.99445160001051, 35.011389400053304, 35.02792110003065, 35.044822000025306, 35.06135610002093, 35.07797570002731, 35.09458780003479, 35.11107330000959, 35.1275909000542, 35.14432800002396, 35.16108950000489, 35.17770160001237, 35.19446310005151, 35.210900100006256, 35.22797880001599, 35.24455850000959, 35.26124250004068, 35.27763409999898, 35.29418430000078, 35.31094670004677, 35.32780350005487, 35.3445218000561, 35.36164810002083, 35.377696500043385, 35.39462460001232, 35.41177530004643, 35.42755900003249, 35.44466140004806, 35.46094370004721, 35.47801110002911, 35.494315100018866, 35.51184590003686, 35.52783920004731, 35.544936200021766, 35.56123910000315, 35.57783670001663, 35.59455550002167, 35.61117260000901, 35.627907200017944, 35.644583800050896, 35.6611288000131, 35.67775420000544]",35.67927410005359,35.69394140003715,35.69394140003715,38.1936031000223,38.19362740003271,38.20966670004418,2.220005262643099e-05,38.19415780005511,[],[],[],[],[],[],010,1,2024-10-09_16h32.00.401,f,2023.2.3,60.04361568601579,2024-10-09 16h33.37.823292 +0300,
familiarization,original,10,0,8,0,None,0,5,5,5,0,0,0,0,38.20966670004418,,,,,,,,,,,,38.195031100010965,0.00327879999531433,38.20966670004418,39.69385180005338,"[2.21875, 2.21875, 2.234375, 2.25, 2.28125, 2.28125, 2.3125, 2.328125, 2.34375, 2.359375, 2.375, 2.390625, 2.40625, 2.40625, 2.40625, 2.40625, 2.40625, 2.40625, 2.390625, 2.375, 2.359375, 2.328125, 2.296875, 2.265625, 2.234375, 2.21875, 2.1875, 2.171875, 2.140625, 2.109375, 2.0625, 2.0, 1.890625, 1.8125, 1.765625, 1.71875, 1.65625, 1.609375, 1.59375, 1.578125, 1.578125, 1.578125, 1.546875, 1.546875, 1.546875, 1.53125, 1.53125, 1.53125, 1.53125, 1.53125, 1.53125, 1.53125, 1.125, 1.0625, 1.015625, 0.90625, 0.828125, 0.75, 0.671875, 0.640625, 0.5625, 0.5, 0.4375, 0.375, 0.328125, 0.234375, 0.171875, 0.078125, 0.0, -0.046875, -0.078125, -0.109375, -0.125, -0.140625, -0.15625, -0.15625, -0.15625, -0.15625, -0.15625, -0.15625, -0.15625, -0.171875, -0.1875, -0.1875, -0.1875, -0.1875, -0.1875, -0.1875, -0.1875, -0.140625, -0.078125]","[0.296875, 0.296875, 0.296875, 0.296875, 0.28125, 0.28125, 0.265625, 0.265625, 0.265625, 0.265625, 0.25, 0.25, 0.25, 0.25, 0.25, 0.25, 0.25, 0.25, 0.25, 0.25, 0.25, 0.25, 0.265625, 0.265625, 0.265625, 0.265625, 0.265625, 0.25, 0.25, 0.25, 0.234375, 0.203125, 0.140625, 0.09375, 0.0625, 0.03125, -0.03125, -0.109375, -0.171875, -0.265625, -0.328125, -0.421875, -0.59375, -0.59375, -0.59375, -0.609375, -0.609375, -0.609375, -0.609375, -0.609375, -0.609375, -0.609375, -0.6875, -0.71875, -0.734375, -0.75, -0.765625, -0.78125, -0.78125, -0.78125, -0.765625, -0.75, -0.734375, -0.71875, -0.71875, -0.703125, -0.6875, -0.640625, -0.625, -0.609375, -0.59375, -0.578125, -0.5625, -0.546875, -0.546875, -0.546875, -0.53125, -0.53125, -0.53125, -0.53125, -0.515625, -0.46875, -0.421875, -0.421875, -0.421875, -0.40625, -0.40625, -0.40625, -0.390625, -0.3125, -0.21875]","[0, 0, 0, 0, 0, 0, 0, 0, 0, 0, 0, 0, 0, 0, 0, 0, 0, 0, 0, 0, 0, 0, 0, 0, 0, 0, 0, 0, 0, 0, 0, 0, 0, 0, 0, 0, 0, 0, 0, 0, 0, 0, 0, 0, 0, 0, 0, 0, 0, 0, 0, 1, 1, 1, 1, 1, 1, 1, 1, 1, 1, 1, 1, 1, 1, 1, 1, 1, 1, 1, 1, 1, 1, 1, 1, 1, 1, 1, 1, 1, 1, 1, 1, 1, 1, 1, 1, 1, 1, 1, 1]","[0, 0, 0, 0, 0, 0, 0, 0, 0, 0, 0, 0, 0, 0, 0, 0, 0, 0, 0, 0, 0, 0, 0, 0, 0, 0, 0, 0, 0, 0, 0, 0, 0, 0, 0, 0, 0, 0, 0, 0, 0, 0, 0, 0, 0, 0, 0, 0, 0, 0, 0, 0, 0, 0, 0, 0, 0, 0, 0, 0, 0, 0, 0, 0, 0, 0, 0, 0, 0, 0, 0, 0, 0, 0, 0, 0, 0, 0, 0, 0, 0, 0, 0, 0, 0, 0, 0, 0, 0, 0, 0]","[0, 0, 0, 0, 0, 0, 0, 0, 0, 0, 0, 0, 0, 0, 0, 0, 0, 0, 0, 0, 0, 0, 0, 0, 0, 0, 0, 0, 0, 0, 0, 0, 0, 0, 0, 0, 0, 0, 0, 0, 0, 0, 0, 0, 0, 0, 0, 0, 0, 0, 0, 0, 0, 0, 0, 0, 0, 0, 0, 0, 0, 0, 0, 0, 0, 0, 0, 0, 0, 0, 0, 0, 0, 0, 0, 0, 0, 0, 0, 0, 0, 0, 0, 0, 0, 0, 0, 0, 0, 0, 0]","[0.0035933000035583973, 0.015123100019991398, 0.031747100001666695, 0.05016470002010465, 0.06609730003401637, 0.08262070000637323, 0.09852400003001094, 0.11546840000664815, 0.13162990001728758, 0.1487275999970734, 0.16498370002955198, 0.18176880001556128, 0.19823070004349574, 0.2148729000473395, 0.23165349999908358, 0.24843020003754646, 0.26500310003757477, 0.2813826000201516, 0.2983214000123553, 0.31487500004004687, 0.3316628000466153, 0.3481129000429064, 0.36505900003248826, 0.38139930000761524, 0.3983713000197895, 0.41500950005138293, 0.4318192000500858, 0.4484085000003688, 0.4649186000460759, 0.48166550003224984, 0.49808430002303794, 0.5149698000168428, 0.531723000050988, 0.548300200025551, 0.5649826000444591, 0.5817262000055052, 0.5984428000519983, 0.6149769000476226, 0.6319989000330679, 0.6479640000034124, 0.6648184000514448, 0.7025045000482351, 0.7072389000095427, 0.7152004000381567, 0.7319239000207745, 0.7483211000217125, 0.7646999999997206, 0.7813923000358045, 0.7978435000404716, 0.8149946000194177, 0.8313550000311807, 0.8663187000202015, 0.8713044000323862, 0.8814386000158265, 0.8988077000249177, 0.9146177000366151, 0.9314844000036828, 0.9479507000069134, 0.9646228000055999, 0.9812181000015698, 0.9983298000297509, 1.0152181000448763, 1.031708399998024, 1.0486494000069797, 1.0648231000523083, 1.08144080004422, 1.0979348000255413, 1.115044200036209, 1.1313630000222474, 1.1486606000107713, 1.1647625000332482, 1.1815569000318646, 1.1980398000450805, 1.2147384000127204, 1.231524700007867, 1.2482587000122294, 1.2646791000152007, 1.2812770000309683, 1.2981586000532843, 1.3146977000287734, 1.331505100009963, 1.3480234000016935, 1.3646166000398807, 1.3814597000018694, 1.3978750000242144, 1.4145254000322893, 1.4314539000042714, 1.4478041999973357, 1.4647009000182152, 1.4812782000517473, 1.4981861000414938]",,,,,,,,,,,,,,,,,,,,,,,,,,010,1,2024-10-09_16h32.00.401,f,2023.2.3,60.04361568601579,2024-10-09 16h33.37.823292 +0300,
familiarization,original,10,0,8,0,None,0,5,5,5,,,,,,,,,,,,,,,,,,,,,,,,,,,41.126441100030206,41.14248650002992,0.0019115000031888485,0.5487857999978587,41.87624460004736,"[0.09375, 0.09375, 0.09375, 0.09375, 0.09375, 0.09375, 0.09375, 0.09375, 0.09375, 0.09375, 0.09375, 0.09375, 0.09375, 0.09375, 0.09375, 0.09375, 0.09375, 0.09375, 0.09375, 0.09375, 0.09375, 0.09375, 0.09375, 0.09375, 0.09375, 0.09375, 0.09375, 0.09375, 0.09375, 0.09375, 0.078125, 0.0625, 0.03125, 0.015625, 0.0, 0.078125, 0.21875, 0.578125, 0.90625, 1.3125, 1.5625, 1.75, 1.859375, 1.890625, 1.875, 1.859375]","[-0.015625, -0.015625, -0.015625, -0.015625, -0.015625, -0.015625, -0.015625, -0.015625, -0.015625, -0.015625, -0.015625, -0.015625, -0.015625, -0.015625, -0.015625, -0.015625, -0.015625, -0.015625, -0.015625, -0.015625, -0.015625, -0.015625, -0.015625, -0.015625, -0.015625, -0.015625, -0.015625, -0.015625, -0.015625, -0.015625, -0.015625, 0.03125, 0.15625, 0.421875, 1.015625, 1.71875, 2.578125, 3.78125, 4.5625, 5.4375, 6.03125, 6.5625, 7.0, 7.453125, 7.671875, 8.171875]","[0, 0, 0, 0, 0, 0, 0, 0, 0, 0, 0, 0, 0, 0, 0, 0, 0, 0, 0, 0, 0, 0, 0, 0, 0, 0, 0, 0, 0, 0, 0, 0, 0, 0, 0, 0, 0, 0, 0, 0, 0, 0, 0, 0, 0, 0]","[0, 0, 0, 0, 0, 0, 0, 0, 0, 0, 0, 0, 0, 0, 0, 0, 0, 0, 0, 0, 0, 0, 0, 0, 0, 0, 0, 0, 0, 0, 0, 0, 0, 0, 0, 0, 0, 0, 0, 0, 0, 0, 0, 0, 0, 0]","[0, 0, 0, 0, 0, 0, 0, 0, 0, 0, 0, 0, 0, 0, 0, 0, 0, 0, 0, 0, 0, 0, 0, 0, 0, 0, 0, 0, 0, 0, 0, 0, 0, 0, 0, 0, 0, 0, 0, 0, 0, 0, 0, 0, 0, 0]","[41.12858920003055, 41.14281920000212, 41.15941590000875, 41.17586470005335, 41.19258590001846, 41.20897370000603, 41.226099400024395, 41.24272080004448, 41.25978420005413, 41.27575850003632, 41.29271190002328, 41.309097600053065, 41.32581140002003, 41.34270230005495, 41.35900290001882, 41.37584180000704, 41.392811900004745, 41.40914150001481, 41.42603460000828, 41.44232250005007, 41.459220900025684, 41.47582950000651, 41.49236920004478, 41.50929640000686, 41.525623300054576, 41.542581200017594, 41.55923970002914, 41.575976100051776, 41.592573200003244, 41.60910760000115, 41.62590760004241, 41.64231050002854, 41.65972870000405, 41.675722200016025, 41.69303950003814, 41.709225700004026, 41.7263928000466, 41.74229820002802, 41.759569800051395, 41.77596620004624, 41.79244050005218, 41.80937720002839, 41.82564470003126, 41.844023500045296, 41.85994460002985, 41.87574860005407]",41.8773389000562,41.89238370000385,41.89238370000385,44.39240580005571,44.39243070001248,44.40837380004814,2.169999061152339e-05,44.392922500032,[],[],[],[],[],[],010,1,2024-10-09_16h32.00.401,f,2023.2.3,60.04361568601579,2024-10-09 16h33.37.823292 +0300,
familiarization,original,40,8,0,0,None,0,6,6,6,0,0,0,0,44.40837380004814,,,,,,,,,,,,44.39375010004733,0.0035605000448413193,44.40837380004814,46.759206200018525,"[0.609375, 0.609375, 0.59375, 0.59375, 0.578125, 0.546875, 0.53125, 0.5, 0.46875, 0.421875, 0.40625, 0.375, 0.359375, 0.34375, 0.34375, 0.328125, 0.328125, 0.328125, 0.328125, 0.328125, 0.328125, 0.328125, 0.328125, 0.328125, 0.3125, 0.296875, 0.265625, 0.234375, 0.1875, 0.09375, 0.03125, -0.09375, -0.203125, -0.3125, -0.453125, -0.5625, -0.703125, -0.8125, -0.875, -0.9375, -1.0, -1.015625, -1.03125, -1.03125, -1.0, -0.984375, -0.96875, -0.96875, -0.953125, -0.953125, -0.953125, -0.953125, -0.953125, -0.953125, -0.984375, -1.03125, -1.078125, -1.171875, -1.28125, -1.4375, -1.546875, -1.671875, -1.796875, -1.96875, -2.078125, -2.1875, -2.28125, -2.34375, -2.40625, -2.421875, -2.4375, -2.4375, -2.421875, -2.40625, -2.375, -2.34375, -2.3125, -2.265625, -2.21875, -2.109375, -2.03125, -1.921875, -1.796875, -1.59375, -1.453125, -1.3125, -1.125, -0.984375, -0.8125, -0.671875, -0.546875, -0.4375, -0.3125, -0.125, 0.0, 0.125, 0.234375, 0.34375, 0.421875, 0.53125, 0.609375, 0.671875, 0.6875, 0.703125, 0.703125, 0.703125, 0.6875, 0.65625, 0.625, 0.59375, 0.5625, 0.5, 0.484375, 0.453125, 0.421875, 0.390625, 0.375, 0.375, 0.375, 0.375, 0.359375, 0.359375, 0.34375, 0.328125, 0.28125, 0.265625, 0.25, 0.234375, 0.21875, 0.203125, 0.203125, 0.1875, 0.1875, 0.1875, 0.1875, 0.1875, 0.1875, 0.171875, 0.140625, 0.09375, 0.078125, 0.0625, 0.046875]","[-1.75, -1.75, -1.765625, -1.78125, -1.796875, -1.859375, -1.890625, -1.96875, -2.015625, -2.0625, -2.09375, -2.109375, -2.125, -2.15625, -2.1875, -2.21875, -2.234375, -2.25, -2.25, -2.25, -2.25, -2.234375, -2.234375, -2.21875, -2.203125, -2.171875, -2.140625, -2.09375, -2.046875, -1.953125, -1.875, -1.765625, -1.65625, -1.546875, -1.453125, -1.390625, -1.3125, -1.28125, -1.234375, -1.171875, -1.09375, -1.0625, -0.984375, -0.9375, -0.890625, -0.859375, -0.84375, -0.84375, -0.828125, -0.828125, -0.8125, -0.8125, -0.8125, -0.8125, -0.78125, -0.734375, -0.703125, -0.65625, -0.640625, -0.625, -0.625, -0.640625, -0.671875, -0.71875, -0.734375, -0.734375, -0.75, -0.765625, -0.78125, -0.78125, -0.796875, -0.796875, -0.8125, -0.859375, -0.921875, -1.0, -1.046875, -1.109375, -1.140625, -1.1875, -1.203125, -1.203125, -1.203125, -1.171875, -1.140625, -1.109375, -1.0625, -1.015625, -0.96875, -0.9375, -0.921875, -0.890625, -0.875, -0.84375, -0.828125, -0.828125, -0.828125, -0.84375, -0.859375, -0.90625, -0.9375, -0.984375, -1.0, -1.015625, -1.015625, -1.015625, -1.015625, -1.03125, -1.03125, -1.03125, -1.03125, -1.0, -0.984375, -0.96875, -0.921875, -0.890625, -0.875, -0.828125, -0.796875, -0.765625, -0.734375, -0.71875, -0.671875, -0.609375, -0.515625, -0.484375, -0.4375, -0.40625, -0.359375, -0.34375, -0.34375, -0.328125, -0.328125, -0.328125, -0.328125, -0.328125, -0.328125, -0.328125, -0.296875, -0.265625, -0.25, -0.25, -0.234375]","[0, 0, 0, 0, 0, 0, 0, 0, 0, 0, 0, 0, 0, 0, 0, 0, 0, 0, 0, 0, 0, 0, 0, 0, 0, 0, 0, 0, 0, 0, 0, 0, 0, 0, 0, 0, 0, 0, 0, 0, 0, 0, 0, 0, 0, 0, 0, 0, 0, 0, 0, 0, 0, 0, 0, 0, 0, 0, 0, 0, 0, 0, 0, 0, 0, 0, 0, 0, 0, 0, 0, 0, 0, 0, 0, 0, 0, 0, 0, 0, 0, 0, 0, 0, 0, 0, 0, 0, 0, 0, 0, 0, 0, 0, 0, 0, 0, 0, 0, 0, 0, 0, 0, 0, 0, 0, 0, 0, 0, 0, 0, 0, 0, 0, 0, 0, 0, 0, 0, 0, 0, 0, 0, 0, 0, 0, 0, 0, 0, 0, 0, 0, 0, 0, 0, 0, 0, 0, 0, 0, 0, 0, 0]","[0, 0, 0, 0, 0, 0, 0, 0, 0, 0, 0, 0, 0, 0, 0, 0, 0, 0, 0, 0, 0, 0, 0, 0, 0, 0, 0, 0, 0, 0, 0, 0, 0, 0, 0, 0, 0, 0, 0, 0, 0, 0, 0, 0, 0, 0, 0, 0, 0, 0, 0, 0, 0, 0, 0, 0, 0, 0, 0, 0, 0, 0, 0, 0, 0, 0, 0, 0, 0, 0, 0, 0, 0, 0, 0, 0, 0, 0, 0, 0, 0, 0, 0, 0, 0, 0, 0, 0, 0, 0, 0, 0, 0, 0, 0, 0, 0, 0, 0, 0, 0, 0, 0, 0, 0, 0, 0, 0, 0, 0, 0, 0, 0, 0, 0, 0, 0, 0, 0, 0, 0, 0, 0, 0, 0, 0, 0, 0, 0, 0, 0, 0, 0, 0, 0, 0, 0, 0, 0, 0, 0, 0, 0]","[0, 0, 0, 0, 0, 0, 0, 0, 0, 0, 0, 0, 0, 0, 0, 0, 0, 0, 0, 0, 0, 0, 0, 0, 0, 0, 0, 0, 0, 0, 0, 0, 0, 0, 0, 0, 0, 0, 0, 0, 0, 0, 0, 0, 0, 0, 0, 0, 0, 0, 0, 0, 0, 0, 0, 0, 0, 0, 0, 0, 0, 0, 0, 0, 0, 0, 0, 0, 0, 0, 0, 0, 0, 0, 0, 0, 0, 0, 0, 0, 0, 0, 0, 0, 0, 0, 0, 0, 0, 0, 0, 0, 0, 0, 0, 0, 0, 0, 0, 0, 0, 0, 0, 0, 0, 0, 0, 0, 0, 0, 0, 0, 0, 0, 0, 0, 0, 0, 0, 0, 0, 0, 0, 0, 0, 0, 0, 0, 0, 0, 0, 0, 0, 0, 0, 0, 0, 0, 0, 0, 0, 0, 0]","[0.003239199984818697, 0.015231099969241768, 0.03164250002009794, 0.04812390002189204, 0.06486889999359846, 0.08157969999592751, 0.09806019999086857, 0.11479429999599233, 0.13164360000519082, 0.1483742999844253, 0.16502429998945445, 0.18184029997792095, 0.198669700010214, 0.2149656999972649, 0.23159949999535456, 0.24860930000431836, 0.2648100999649614, 0.28151890001026914, 0.29804419999709353, 0.31473599997116253, 0.33164659998146817, 0.34823730000061914, 0.3647748000221327, 0.38127969997003675, 0.3979222999769263, 0.4149827000219375, 0.4316822999971919, 0.4486118999775499, 0.46531709999544546, 0.48196499998448417, 0.4987282999791205, 0.5157628000015393, 0.5314712999970652, 0.5482635999796912, 0.5649670999846421, 0.5815793999936432, 0.5980288999853656, 0.6150746999774128, 0.6314483999740332, 0.6484286999912001, 0.6649446999654174, 0.6814273999771103, 0.6982339000096545, 0.71483770001214, 0.7315502999699675, 0.7479907000088133, 0.7647724999696948, 0.7813633999903686, 0.7979014000156894, 0.8147615999914706, 0.8317839999799617, 0.8482901999959722, 0.8648678999743424, 0.8817106999922544, 0.8983825999894179, 0.9149157999781892, 0.9320102999918163, 0.9483905999804847, 0.9648941999766976, 0.9817769000073895, 0.9986046999692917, 1.0149620000156574, 1.0317026000120677, 1.0479505999828689, 1.0646282999659888, 1.0820974999805912, 1.0979607999906875, 1.1153951999731362, 1.1320689999847673, 1.148066799971275, 1.1649068999686278, 1.1813854000065476, 1.1985058999853209, 1.2148290000041015, 1.2312214999692515, 1.2482056000153534, 1.2648339999723248, 1.2812732000020333, 1.2982591000036336, 1.3146239999914542, 1.3312281999969855, 1.3480799999670126, 1.364773100009188, 1.3811421999707818, 1.3981518999789841, 1.4147117999964394, 1.4311341000138782, 1.4480826000217348, 1.4650611999677494, 1.4815883999690413, 1.4979042999912053, 1.5147691000020131, 1.5317603999865241, 1.5484863999881782, 1.5649916999973357, 1.5812351999920793, 1.5979686999926344, 1.6148758999770507, 1.631580599991139, 1.6479935999959707, 1.6645876999828033, 1.6814727999735624, 1.698359599977266, 1.7148949999827892, 1.7310651000007056, 1.7478750000009313, 1.7643923999858089, 1.7810522000072524, 1.7977409000159241, 1.8145998999825679, 1.8312036999850534, 1.847666899964679, 1.8645261999918148, 1.8816231999662705, 1.8979708999977447, 1.9146605000132695, 1.9310544999898411, 1.9478277000016533, 1.9647148000076413, 1.9812881000107154, 1.9977799999760464, 2.0145542999962345, 2.0312353000044823, 2.048052900005132, 2.064742300019134, 2.0814035999937914, 2.0978529999847524, 2.1147151999757625, 2.1313062999979593, 2.1481201999704354, 2.164770799980033, 2.1811267000157386, 2.1978626999771222, 2.2143093000049703, 2.231238399981521, 2.247659599990584, 2.26433580002049, 2.28110610001022, 2.29773439996643, 2.314258099999279, 2.3310421999776736, 2.347929799987469, 2.3647644000011496]",,,,,,,,,,,,,,,,,,,,,,,,,,010,1,2024-10-09_16h32.00.401,f,2023.2.3,60.04361568601579,2024-10-09 16h33.37.823292 +0300,
familiarization,original,40,8,0,0,None,0,6,6,6,,,,,,,,,,,,,,,,,,,,,,,,,,,48.7401829000446,48.755923100048676,0.0018479000427760184,0.41567030001897365,49.340428700030316,"[0.046875, 0.046875, 0.046875, 0.046875, 0.046875, 0.046875, 0.046875, 0.046875, 0.046875, 0.046875, 0.046875, 0.046875, 0.046875, 0.046875, 0.046875, 0.046875, 0.046875, 0.046875, 0.046875, 0.046875, 0.046875, 0.0625, 0.0625, 0.0625, 0.109375, 0.359375, 0.6875, 1.265625, 1.78125, 2.390625, 3.296875, 4.046875, 5.140625, 5.984375, 6.84375, 7.734375, 8.890625]","[-0.234375, -0.234375, -0.234375, -0.234375, -0.234375, -0.234375, -0.234375, -0.234375, -0.234375, -0.234375, -0.234375, -0.234375, -0.234375, -0.234375, -0.234375, -0.234375, -0.234375, -0.234375, -0.234375, -0.234375, -0.234375, -0.234375, -0.234375, -0.234375, -0.234375, -0.234375, -0.25, -0.28125, -0.296875, -0.3125, -0.34375, -0.375, -0.484375, -0.59375, -0.703125, -0.828125, -1.015625]","[0, 0, 0, 0, 0, 0, 0, 0, 0, 0, 0, 0, 0, 0, 0, 0, 0, 0, 0, 0, 0, 0, 0, 0, 0, 0, 0, 0, 0, 0, 0, 0, 0, 0, 0, 0, 0]","[0, 0, 0, 0, 0, 0, 0, 0, 0, 0, 0, 0, 0, 0, 0, 0, 0, 0, 0, 0, 0, 0, 0, 0, 0, 0, 0, 0, 0, 0, 0, 0, 0, 0, 0, 0, 0]","[0, 0, 0, 0, 0, 0, 0, 0, 0, 0, 0, 0, 0, 0, 0, 0, 0, 0, 0, 0, 0, 0, 0, 0, 0, 0, 0, 0, 0, 0, 0, 0, 0, 0, 0, 0, 0]","[48.74265880003804, 48.75641050003469, 48.7729198000161, 48.78956070001004, 48.80649350001477, 48.82308780000312, 48.83983580005588, 48.856443500029854, 48.87291290005669, 48.88953780004522, 48.906442900013644, 48.923024000017904, 48.93962640000973, 48.95621160004521, 48.97302730003139, 48.98978560004616, 49.006185000005644, 49.02270240004873, 49.03951650002273, 49.05623040004866, 49.073010000051, 49.08966930001043, 49.1062351000146, 49.123073900002055, 49.13977090001572, 49.156359800021164, 49.17283750005299, 49.190277500019874, 49.206163400027435, 49.223073600034695, 49.239836400025524, 49.25609840004472, 49.2729969000211, 49.28946440003347, 49.306102000002284, 49.322728400002234, 49.339897500001825]",49.341265300055966,49.35600320005324,49.35600320005324,51.85616160003701,51.85620730003575,51.87168320000637,4.0300015825778246e-05,51.856999600015115,[],[],[],[],[],[],010,1,2024-10-09_16h32.00.401,f,2023.2.3,60.04361568601579,2024-10-09 16h33.37.823292 +0300,
familiarization,original,30,0,-8,0,None,0,7,7,7,0,0,0,0,51.87168320000637,,,,,,,,,,,,51.85847790003754,0.0046681000385433435,51.87168320000637,52.97285990003729,"[1.515625, 1.515625, 1.515625, 1.515625, 1.53125, 1.53125, 1.53125, 1.53125, 1.53125, 1.515625, 1.515625, 1.515625, 1.515625, 1.515625, 1.515625, 1.515625, 1.515625, 1.515625, 1.515625, 1.515625, 1.515625, 1.515625, 1.515625, 1.515625, 1.515625, 1.515625, 1.515625, 1.515625, 1.515625, 1.5, 1.453125, 1.359375, 1.25, 1.125, 0.984375, 0.9375, 0.890625, 0.84375, 0.796875, 0.75, 0.703125, 0.6875, 0.6875, 0.6875, 0.6875, 0.6875, 0.671875, 0.671875, 0.671875, 0.65625, 0.625, 0.59375, 0.5625, 0.5625, 0.5625, 0.5625, 0.5625, 0.546875, 0.53125, 0.484375, 0.46875, 0.453125, 0.40625, 0.375, 0.265625, 0.25, 0.203125, 0.15625]","[0.25, 0.25, 0.25, 0.25, 0.25, 0.25, 0.25, 0.25, 0.25, 0.25, 0.25, 0.25, 0.25, 0.25, 0.25, 0.25, 0.25, 0.25, 0.25, 0.25, 0.25, 0.25, 0.25, 0.25, 0.25, 0.25, 0.25, 0.234375, 0.234375, 0.234375, 0.234375, 0.203125, 0.140625, 0.09375, 0.015625, 0.0, -0.015625, -0.046875, -0.078125, -0.109375, -0.15625, -0.15625, -0.15625, -0.15625, -0.15625, -0.171875, -0.1875, -0.21875, -0.234375, -0.25, -0.28125, -0.328125, -0.359375, -0.375, -0.375, -0.375, -0.375, -0.375, -0.359375, -0.34375, -0.328125, -0.328125, -0.296875, -0.28125, -0.21875, -0.203125, -0.1875, -0.171875]","[1, 1, 1, 1, 1, 1, 1, 1, 1, 1, 1, 1, 1, 1, 1, 1, 1, 1, 1, 1, 1, 1, 1, 1, 1, 1, 1, 1, 1, 1, 1, 1, 1, 1, 1, 1, 1, 1, 1, 1, 1, 1, 1, 1, 1, 1, 1, 1, 1, 1, 1, 1, 1, 1, 1, 1, 1, 1, 1, 1, 1, 1, 1, 1, 1, 1, 1, 1]","[0, 0, 0, 0, 0, 0, 0, 0, 0, 0, 0, 0, 0, 0, 0, 0, 0, 0, 0, 0, 0, 0, 0, 0, 0, 0, 0, 0, 0, 0, 0, 0, 0, 0, 0, 0, 0, 0, 0, 0, 0, 0, 0, 0, 0, 0, 0, 0, 0, 0, 0, 0, 0, 0, 0, 0, 0, 0, 0, 0, 0, 0, 0, 0, 0, 0, 0, 0]","[0, 0, 0, 0, 0, 0, 0, 0, 0, 0, 0, 0, 0, 0, 0, 0, 0, 0, 0, 0, 0, 0, 0, 0, 0, 0, 0, 0, 0, 0, 0, 0, 0, 0, 0, 0, 0, 0, 0, 0, 0, 0, 0, 0, 0, 0, 0, 0, 0, 0, 0, 0, 0, 0, 0, 0, 0, 0, 0, 0, 0, 0, 0, 0, 0, 0, 0, 0]","[0.004041300038807094, 0.01354200002970174, 0.030877600016538054, 0.04737990000285208, 0.06382640002993867, 0.08035350003046915, 0.09688720002304763, 0.1140984000521712, 0.13030330004403368, 0.14717100001871586, 0.16365900001255795, 0.1804581000469625, 0.19687540002632886, 0.21378360001835972, 0.2305667000473477, 0.24691240000538528, 0.2642813000129536, 0.2804240000550635, 0.29717540001729503, 0.31352830003015697, 0.33037229999899864, 0.347075900004711, 0.3636570000089705, 0.3804271000553854, 0.39836440002545714, 0.41435010003624484, 0.43018880003364757, 0.44690690003335476, 0.4636070000124164, 0.48035260004689917, 0.49685380002483726, 0.5134437000378966, 0.5304277000250295, 0.5470072000171058, 0.5635372000397183, 0.5807371000410058, 0.5971759000094607, 0.6134881000034511, 0.6304338000481948, 0.6472500000381842, 0.6636067000217736, 0.6809953000047244, 0.6969020000542514, 0.7136387000209652, 0.7304987000534311, 0.7470405000494793, 0.7638316000229679, 0.7807435000431724, 0.7971250000409782, 0.8139624000177719, 0.8302663000067696, 0.8473258000449277, 0.8641972000477836, 0.8805038999998942, 0.8970312000019476, 0.9136960000032559, 0.9302241000114009, 0.9469533000374213, 0.963524500024505, 0.9805281000444666, 0.9969174000434577, 1.0140772000304423, 1.0301386000355706, 1.0471701000351459, 1.0635482000070624, 1.0802377000218257, 1.0966432000277564, 1.1137467000517063]",,,,,,,,,,,,,,,,,,,,,,,,,,010,1,2024-10-09_16h32.00.401,f,2023.2.3,60.04361568601579,2024-10-09 16h33.37.823292 +0300,
familiarization,original,30,0,-8,0,None,0,7,7,7,,,,,,,,,,,,,,,,,,,,,,,,,,,53.988952600047924,54.00461760000326,0.0018709000432863832,0.582049599965103,54.805392000009306,"[-0.0625, -0.0625, -0.0625, -0.0625, -0.0625, -0.0625, -0.0625, -0.0625, -0.0625, -0.0625, -0.0625, -0.0625, -0.0625, -0.0625, -0.0625, -0.0625, -0.0625, -0.0625, -0.0625, -0.0625, -0.0625, -0.0625, -0.0625, -0.0625, -0.0625, -0.0625, -0.0625, -0.0625, -0.0625, -0.0625, -0.0625, -0.0625, -0.0625, -0.0625, 0.0, 0.140625, 0.28125, 0.421875, 0.46875, 0.4375, 0.375, 0.3125, 0.3125, 0.375, 0.46875, 0.59375, 0.78125, 0.921875, 1.0, 1.03125]","[-0.09375, -0.09375, -0.09375, -0.09375, -0.09375, -0.09375, -0.09375, -0.09375, -0.09375, -0.09375, -0.09375, -0.09375, -0.09375, -0.09375, -0.09375, -0.09375, -0.09375, -0.09375, -0.09375, -0.09375, -0.09375, -0.09375, -0.09375, -0.09375, -0.09375, -0.109375, -0.109375, -0.109375, -0.109375, -0.109375, -0.109375, -0.109375, -0.109375, -0.125, -0.1875, -0.453125, -0.8125, -1.453125, -2.046875, -2.6875, -3.40625, -4.359375, -5.015625, -5.875, -6.4375, -6.84375, -7.265625, -7.640625, -7.890625, -8.0625]","[0, 0, 0, 0, 0, 0, 0, 0, 0, 0, 0, 0, 0, 0, 0, 0, 0, 0, 0, 0, 0, 0, 0, 0, 0, 0, 0, 0, 0, 0, 0, 0, 0, 0, 0, 0, 0, 0, 0, 0, 0, 0, 0, 0, 0, 0, 0, 0, 0, 0]","[0, 0, 0, 0, 0, 0, 0, 0, 0, 0, 0, 0, 0, 0, 0, 0, 0, 0, 0, 0, 0, 0, 0, 0, 0, 0, 0, 0, 0, 0, 0, 0, 0, 0, 0, 0, 0, 0, 0, 0, 0, 0, 0, 0, 0, 0, 0, 0, 0, 0]","[0, 0, 0, 0, 0, 0, 0, 0, 0, 0, 0, 0, 0, 0, 0, 0, 0, 0, 0, 0, 0, 0, 0, 0, 0, 0, 0, 0, 0, 0, 0, 0, 0, 0, 0, 0, 0, 0, 0, 0, 0, 0, 0, 0, 0, 0, 0, 0, 0, 0]","[53.991071600001305, 54.004962100007106, 54.021724400052335, 54.03827260003891, 54.05487520003226, 54.07178580004256, 54.08851550001418, 54.10530690004816, 54.121481300040614, 54.13849590002792, 54.1547838000115, 54.17167390004033, 54.188397000019904, 54.20478610001737, 54.221764700021595, 54.238496500009205, 54.25485640001716, 54.27165510004852, 54.28840720001608, 54.304981900029816, 54.32171950000338, 54.33825510001043, 54.35505750001175, 54.37144780001836, 54.388365100021474, 54.40485610003816, 54.42152090003947, 54.438625400012825, 54.45495780004421, 54.47159520001151, 54.48817200004123, 54.50509960000636, 54.521831100049894, 54.53824300004635, 54.55543360003503, 54.57150440005353, 54.5884288000525, 54.60512080002809, 54.6214953000308, 54.638426000019535, 54.65479050000431, 54.671725400025025, 54.68836220004596, 54.70475560001796, 54.72167720005382, 54.7385956000071, 54.75516260002041, 54.7716937000514, 54.78805500001181, 54.804898100032005]",54.8062660000287,54.821010200015735,54.821010200015735,57.320300700026564,57.320325800043065,57.34881530003622,2.239999594166875e-05,57.33824500004994,[],[],[],[],[],[],010,1,2024-10-09_16h32.00.401,f,2023.2.3,60.04361568601579,2024-10-09 16h33.37.823292 +0300,
familiarization,original,20,-8,0,0,None,0,8,8,8,0,0,0,0,57.34881530003622,,,,,,,,,,,,57.33913250005571,0.0031601000227965415,57.34881530003622,57.37753170001088,"[0.296875, 0.28125, 0.28125, 0.21875]","[0.015625, 0.015625, 0.015625, 0.0]","[0, 0, 0, 0]","[0, 0, 0, 0]","[0, 0, 0, 0]","[0.005349899991415441, 0.011667000013403594, 0.016229900007601827, 0.03785260004224256]",,,,,,,,,,,,,,,,,,,,,,,,,,010,1,2024-10-09_16h32.00.401,f,2023.2.3,60.04361568601579,2024-10-09 16h33.37.823292 +0300,
familiarization,original,20,-8,0,0,None,0,8,8,8,,,,,,,,,,,,,,,,,,,,,,,,,,,58.403473300044425,58.419551500002854,0.0018919000285677612,0.7821772000170313,59.33712330000708,"[0.125, 0.125, 0.125, 0.125, 0.125, 0.125, 0.125, 0.125, 0.125, 0.125, 0.125, 0.125, 0.125, 0.125, 0.125, 0.125, 0.125, 0.125, 0.125, 0.125, 0.125, 0.125, 0.125, 0.125, 0.125, 0.125, 0.125, 0.125, 0.125, 0.125, 0.125, 0.125, 0.125, 0.125, 0.125, 0.140625, 0.140625, 0.140625, 0.140625, 0.140625, 0.140625, 0.140625, 0.140625, 0.125, 0.109375, 0.015625, -0.234375, -0.765625, -1.484375, -2.125, -2.890625, -3.6875, -4.515625, -5.625, -6.9375, -7.953125, -8.765625]","[0.109375, 0.109375, 0.109375, 0.109375, 0.109375, 0.109375, 0.109375, 0.109375, 0.109375, 0.109375, 0.109375, 0.109375, 0.109375, 0.109375, 0.109375, 0.109375, 0.109375, 0.109375, 0.109375, 0.109375, 0.109375, 0.109375, 0.109375, 0.109375, 0.109375, 0.109375, 0.109375, 0.109375, 0.109375, 0.109375, 0.109375, 0.109375, 0.109375, 0.109375, 0.109375, 0.109375, 0.109375, 0.109375, 0.109375, 0.109375, 0.109375, 0.109375, 0.109375, 0.109375, 0.109375, 0.125, 0.140625, 0.125, 0.078125, 0.046875, 0.015625, -0.03125, -0.078125, -0.09375, -0.140625, -0.21875, -0.296875]","[0, 0, 0, 0, 0, 0, 0, 0, 0, 0, 0, 0, 0, 0, 0, 0, 0, 0, 0, 0, 0, 0, 0, 0, 0, 0, 0, 0, 0, 0, 0, 0, 0, 0, 0, 0, 0, 0, 0, 0, 0, 0, 0, 0, 0, 0, 0, 0, 0, 0, 0, 0, 0, 0, 0, 0, 0]","[0, 0, 0, 0, 0, 0, 0, 0, 0, 0, 0, 0, 0, 0, 0, 0, 0, 0, 0, 0, 0, 0, 0, 0, 0, 0, 0, 0, 0, 0, 0, 0, 0, 0, 0, 0, 0, 0, 0, 0, 0, 0, 0, 0, 0, 0, 0, 0, 0, 0, 0, 0, 0, 0, 0, 0, 0]","[0, 0, 0, 0, 0, 0, 0, 0, 0, 0, 0, 0, 0, 0, 0, 0, 0, 0, 0, 0, 0, 0, 0, 0, 0, 0, 0, 0, 0, 0, 0, 0, 0, 0, 0, 0, 0, 0, 0, 0, 0, 0, 0, 0, 0, 0, 0, 0, 0, 0, 0, 0, 0, 0, 0, 0, 0]","[58.40559249999933, 58.419890100019984, 58.43642450001789, 58.45321100001456, 58.469745600013994, 58.48632810002891, 58.503224200045224, 58.5198218000005, 58.53634130000137, 58.55297580000479, 58.56969010003377, 58.586486600048374, 58.603508300031535, 58.61959310004022, 58.63662010000553, 58.65281790000154, 58.66965350002283, 58.68609140004264, 58.70284209999954, 58.719560500001535, 58.73617810005089, 58.752836900006514, 58.76935150002828, 58.786151300009806, 58.803152700013015, 58.819456100056414, 58.83634620002704, 58.85274020000361, 58.86958200001391, 58.88628830004018, 58.90312610002002, 58.919713800016325, 58.936647600028664, 58.95306440000422, 58.96992570004659, 58.98644830001285, 59.00302440003725, 59.01958420005394, 59.036196600005496, 59.052919000037946, 59.06941920000827, 59.08612150000408, 59.10278030001791, 59.120157000026666, 59.136096900037955, 59.153271300019696, 59.16940540005453, 59.18636280001374, 59.20371250004973, 59.2200364000164, 59.23621890001232, 59.253092400031164, 59.269729800056666, 59.286462800053414, 59.30357760004699, 59.31945830001496, 59.33660210005473]",59.338109600008465,59.352581900020596,59.352581900020596,61.85229680000339,61.852321100013796,61.868286600045394,5.4500007536262274e-05,61.85286189999897,[],[],[],[],[],[],010,1,2024-10-09_16h32.00.401,f,2023.2.3,60.04361568601579,2024-10-09 16h33.37.823292 +0300,
familiarization,original,10,0,8,0,ins\Instruction_break_EN.png,0,9,9,9,0,0,0,0,61.868286600045394,,,,,,,,,,,,61.8536551000434,0.0032915000338107347,61.868286600045394,62.53600960003678,"[1.65625, 1.65625, 1.65625, 1.65625, 1.65625, 1.65625, 1.65625, 1.65625, 1.65625, 1.65625, 1.65625, 1.65625, 1.65625, 1.65625, 1.65625, 1.65625, 1.65625, 1.65625, 1.65625, 1.65625, 1.65625, 1.65625, 1.65625, 1.65625, 1.65625, 1.65625, 1.65625, 1.65625, 1.65625, 1.65625, 1.640625, 1.625, 1.53125, 1.421875, 1.3125, 1.140625, 0.96875, 0.78125, 0.5625, 0.421875, 0.28125, 0.09375]","[0.296875, 0.296875, 0.296875, 0.296875, 0.296875, 0.296875, 0.296875, 0.296875, 0.296875, 0.296875, 0.296875, 0.296875, 0.296875, 0.296875, 0.296875, 0.296875, 0.296875, 0.296875, 0.296875, 0.296875, 0.296875, 0.296875, 0.296875, 0.296875, 0.296875, 0.296875, 0.296875, 0.296875, 0.296875, 0.296875, 0.296875, 0.28125, 0.265625, 0.21875, 0.15625, 0.09375, 0.03125, -0.046875, -0.09375, -0.125, -0.15625, -0.1875]","[0, 0, 0, 0, 0, 0, 0, 0, 0, 0, 0, 0, 0, 0, 0, 0, 0, 0, 0, 0, 0, 0, 0, 0, 0, 0, 0, 0, 0, 0, 0, 0, 0, 0, 0, 0, 0, 0, 0, 0, 0, 0]","[0, 0, 0, 0, 0, 0, 0, 0, 0, 0, 0, 0, 0, 0, 0, 0, 0, 0, 0, 0, 0, 0, 0, 0, 0, 0, 0, 0, 0, 0, 0, 0, 0, 0, 0, 0, 0, 0, 0, 0, 0, 0]","[0, 0, 0, 0, 0, 0, 0, 0, 0, 0, 0, 0, 0, 0, 0, 0, 0, 0, 0, 0, 0, 0, 0, 0, 0, 0, 0, 0, 0, 0, 0, 0, 0, 0, 0, 0, 0, 0, 0, 0, 0, 0]","[0.003005600010510534, 0.014978000021073967, 0.03170039999531582, 0.04835550003917888, 0.06492899998556823, 0.08152820001123473, 0.09818380000069737, 0.1149985000374727, 0.1314661999931559, 0.14827750000404194, 0.1646881999913603, 0.18146019999403507, 0.19829470000695437, 0.21500780002679676, 0.23202880000462756, 0.24845090002054349, 0.26498580002225935, 0.2815279000205919, 0.298286100034602, 0.31498630001442507, 0.33147079998161644, 0.3483229000121355, 0.36483650002628565, 0.38181580003583804, 0.39804860000731423, 0.41497979999985546, 0.431535099982284, 0.4479600000195205, 0.4648066000081599, 0.4815482000121847, 0.4980317000299692, 0.5151460000197403, 0.5313410999951884, 0.5484893000102602, 0.5646753000328317, 0.5815470000379719, 0.5982210999936797, 0.6149141000350937, 0.6316869999864139, 0.6481377999880351, 0.6648363000131212, 0.6817282999982126]",,,,,,,,,,,,,,,,,,,,,,,,,,010,1,2024-10-09_16h32.00.401,f,2023.2.3,60.04361568601579,2024-10-09 16h33.37.823292 +0300,
familiarization,original,10,0,8,0,ins\Instruction_break_EN.png,0,9,9,9,,,,,,,,,,,,,,,,,,,,,,,,,,,64.06842720002169,64.08425110002281,0.00183119997382164,0.6818587000016123,64.90179850003915,"[-0.171875, -0.171875, -0.171875, -0.171875, -0.171875, -0.171875, -0.171875, -0.171875, -0.171875, -0.140625, -0.109375, -0.09375, -0.078125, -0.078125, -0.078125, -0.078125, -0.078125, -0.078125, -0.078125, -0.078125, -0.078125, -0.078125, -0.078125, -0.078125, -0.078125, -0.078125, -0.078125, -0.078125, -0.078125, -0.078125, -0.078125, -0.078125, -0.078125, -0.078125, -0.09375, -0.09375, -0.09375, -0.09375, -0.109375, -0.109375, -0.125, -0.140625, -0.09375, 0.03125, 0.265625, 0.515625, 0.8125, 1.21875, 1.421875, 1.625, 1.765625]","[-0.03125, -0.03125, -0.03125, -0.03125, -0.03125, -0.03125, -0.03125, -0.03125, -0.03125, -0.03125, -0.03125, -0.03125, -0.03125, -0.03125, -0.03125, -0.03125, -0.03125, -0.03125, -0.03125, -0.03125, -0.03125, -0.03125, -0.03125, -0.03125, -0.03125, -0.03125, -0.03125, -0.03125, -0.03125, -0.03125, -0.03125, -0.03125, -0.03125, -0.03125, -0.03125, -0.03125, -0.03125, -0.03125, -0.03125, -0.015625, 0.109375, 0.609375, 1.5, 2.328125, 3.546875, 4.5, 5.390625, 6.453125, 6.921875, 7.484375, 8.03125]","[0, 0, 0, 0, 0, 0, 0, 0, 0, 0, 0, 0, 0, 0, 0, 0, 0, 0, 0, 0, 0, 0, 0, 0, 0, 0, 0, 0, 0, 0, 0, 0, 0, 0, 0, 0, 0, 0, 0, 0, 0, 0, 0, 0, 0, 0, 0, 0, 0, 0, 0]","[0, 0, 0, 0, 0, 0, 0, 0, 0, 0, 0, 0, 0, 0, 0, 0, 0, 0, 0, 0, 0, 0, 0, 0, 0, 0, 0, 0, 0, 0, 0, 0, 0, 0, 0, 0, 0, 0, 0, 0, 0, 0, 0, 0, 0, 0, 0, 0, 0, 0, 0]","[0, 0, 0, 0, 0, 0, 0, 0, 0, 0, 0, 0, 0, 0, 0, 0, 0, 0, 0, 0, 0, 0, 0, 0, 0, 0, 0, 0, 0, 0, 0, 0, 0, 0, 0, 0, 0, 0, 0, 0, 0, 0, 0, 0, 0, 0, 0, 0, 0, 0, 0]","[64.07048710004892, 64.08460950001609, 64.10129760002019, 64.11763910000445, 64.13456470001256, 64.15104990004329, 64.16777810000349, 64.18451780005125, 64.20105180004612, 64.21811370004434, 64.23437770002056, 64.2510295000393, 64.26778690004721, 64.28451330005191, 64.30097570002545, 64.31798270001309, 64.33451300003799, 64.35153010004433, 64.36783740000101, 64.38440590002574, 64.40093160001561, 64.41780750005273, 64.43441430001985, 64.45085940003628, 64.4675151000265, 64.48425720003434, 64.50106450001476, 64.5175833000103, 64.5345480000251, 64.55108740000287, 64.5677285999991, 64.58417580003152, 64.60092360002454, 64.61755770002492, 64.63410400005523, 64.65106220002053, 64.66773760004435, 64.68444480001926, 64.70115600002464, 64.71794550004415, 64.73448189999908, 64.750791700033, 64.76765480003087, 64.78408800001489, 64.80074510001577, 64.81783800001722, 64.83453670004383, 64.85168330004672, 64.86804060003487, 64.88445630000206, 64.90125809999881]",64.90283570002066,64.9172927000327,64.9172927000327,67.41870360000758,67.41872810001951,67.48107850004453,0.05795290000969544,67.57223940000404,[0.234375],[-1.984375],[1],[0],[0],[0.0950035999994725],010,1,2024-10-09_16h32.00.401,f,2023.2.3,60.04361568601579,2024-10-09 16h33.37.823292 +0300,
,,,,,,,,,,,,,,,67.57910490001086,,,,,,,,,,,,67.57310640002834,0.0018628999823704362,67.57910490001086,,,,,,,,,,,,,,,,,,,,,,,,,,,,,,,,,,,,,,,,
